<?xml version = '1.0' encoding = 'UTF-8'?>
<Table class="oracle.dbtools.crest.model.design.relational.Table" directorySegmentName="seg_0" id="08DA8D48-E08E-670D-81BA-1F63C0A8729C" name="SOLICITUD_EXAMEN">
<createdBy>basti</createdBy>
<createdTime>2025-09-14 13:39:41 UTC</createdTime>
<generatorID>9DFF3B39-1F41-352C-94E8-128A2E04D4B7</generatorID>
<ownerDesignName>TrabajoSumativo2</ownerDesignName>
<allowColumnReorder>false</allowColumnReorder>
<existDependencyGenerateInDDl>true</existDependencyGenerateInDDl>
<parsed>true</parsed>
<columns itemClass="oracle.dbtools.crest.model.design.relational.Column">
<Column name="id_solicitud" id="E8803103-118B-9FAD-E1C8-7DEA07D34504">
<createdBy>basti</createdBy>
<createdTime>2025-09-14 13:39:41 UTC</createdTime>
<generatorID>21A55BF5-1F2B-2949-19B7-153CBBDF4009</generatorID>
<ownerDesignName>TrabajoSumativo2</ownerDesignName>
<useDomainConstraints>false</useDomainConstraints>
<use>1</use>
<logicalDatatype>LOGDT019</logicalDatatype>
<ownDataTypeParameters>,,</ownDataTypeParameters>
<autoIncrementCycle>false</autoIncrementCycle>
</Column>
<Column name="fecha_solicitud" id="D842B5DA-619E-61E0-7209-19F678166133">
<createdBy>basti</createdBy>
<createdTime>2025-09-14 13:39:41 UTC</createdTime>
<generatorID>23C56CDC-64E0-98A3-E628-8478601D21D2</generatorID>
<ownerDesignName>TrabajoSumativo2</ownerDesignName>
<useDomainConstraints>false</useDomainConstraints>
<use>1</use>
<logicalDatatype>LOGDT007</logicalDatatype>
<ownDataTypeParameters>,,</ownDataTypeParameters>
<autoIncrementCycle>false</autoIncrementCycle>
</Column>
<Column name="fecha_resultado" id="BE8193AA-918C-B7C5-A118-CB988815CEB4">
<createdBy>basti</createdBy>
<createdTime>2025-09-14 13:39:41 UTC</createdTime>
<generatorID>EEBA809A-ADF4-B72A-5F48-8A885DF4C306</generatorID>
<ownerDesignName>TrabajoSumativo2</ownerDesignName>
<nullsAllowed>true</nullsAllowed>
<useDomainConstraints>false</useDomainConstraints>
<use>1</use>
<logicalDatatype>LOGDT007</logicalDatatype>
<ownDataTypeParameters>,,</ownDataTypeParameters>
<autoIncrementCycle>false</autoIncrementCycle>
</Column>
<Column name="resultado" id="6EDF058D-98CD-99D6-44EA-AEC24692D4BA">
<createdBy>basti</createdBy>
<createdTime>2025-09-14 13:39:41 UTC</createdTime>
<generatorID>5C61190E-E000-949D-5025-FAF8EBACA130</generatorID>
<ownerDesignName>TrabajoSumativo2</ownerDesignName>
<nullsAllowed>true</nullsAllowed>
<useDomainConstraints>false</useDomainConstraints>
<use>1</use>
<logicalDatatype>LOGDT024</logicalDatatype>
<ownDataTypeParameters>,,</ownDataTypeParameters>
<autoIncrementCycle>false</autoIncrementCycle>
</Column>
<Column name="ATENCION_MEDICA_id_atencion" id="07076F65-BEAD-0562-E15E-25EA3C765E8E">
<createdBy>basti</createdBy>
<createdTime>2025-09-14 13:39:41 UTC</createdTime>
<generatorID>DF2192B9-89C8-2029-934E-6A8F4ABB1EA5</generatorID>
<ownerDesignName>TrabajoSumativo2</ownerDesignName>
<useDomainConstraints>false</useDomainConstraints>
<use>1</use>
<logicalDatatype>LOGDT019</logicalDatatype>
<ownDataTypeParameters>,,</ownDataTypeParameters>
<previousColumn>false</previousColumn>
<autoIncrementCycle>false</autoIncrementCycle>
<associations>
<colAssociation fkAssociation="EF3D63A1-F725-D8AE-B687-D3A81B270437" referredColumn="4B36D2AB-872E-B366-5A86-8AE9D339173C"/>
</associations>
</Column>
<Column name="EXAMEN_id_examen" id="E584016D-99DB-DD27-4C64-512CDF753F21">
<createdBy>basti</createdBy>
<createdTime>2025-09-14 13:39:41 UTC</createdTime>
<generatorID>620FC69D-D187-A09E-5978-997C138AD808</generatorID>
<ownerDesignName>TrabajoSumativo2</ownerDesignName>
<useDomainConstraints>false</useDomainConstraints>
<use>1</use>
<logicalDatatype>LOGDT019</logicalDatatype>
<ownDataTypeParameters>,,</ownDataTypeParameters>
<previousColumn>false</previousColumn>
<autoIncrementCycle>false</autoIncrementCycle>
<associations>
<colAssociation fkAssociation="745CEFFE-8EB7-A993-740C-9EE6E81799F2" referredColumn="5F8517CC-F890-2765-894F-423C3FC4DEBE"/>
</associations>
</Column>
<Column name="PACIENTE_id_paciente" id="907A8616-B913-8E96-4DEB-2712DA7D22B8">
<createdBy>basti</createdBy>
<createdTime>2025-09-14 13:39:41 UTC</createdTime>
<generatorID>741C2D08-60C7-598F-4773-D2AC1CF14221</generatorID>
<ownerDesignName>TrabajoSumativo2</ownerDesignName>
<useDomainConstraints>false</useDomainConstraints>
<use>1</use>
<logicalDatatype>LOGDT019</logicalDatatype>
<ownDataTypeParameters>,,</ownDataTypeParameters>
<previousColumn>false</previousColumn>
<autoIncrementCycle>false</autoIncrementCycle>
<associations>
<colAssociation fkAssociation="D894162D-AE4F-7BF1-FFB3-1CA25434D152" referredColumn="9927E2BE-22ED-7F2C-083B-47763D748BCC"/>
</associations>
</Column>
<Column name="MEDICO_id_medico" id="64C7A44C-DCB8-D587-2528-427062721804">
<createdBy>basti</createdBy>
<createdTime>2025-09-14 13:39:41 UTC</createdTime>
<generatorID>75F2CD95-0F0B-B89C-051E-4572A6C07FDE</generatorID>
<ownerDesignName>TrabajoSumativo2</ownerDesignName>
<useDomainConstraints>false</useDomainConstraints>
<use>1</use>
<logicalDatatype>LOGDT019</logicalDatatype>
<ownDataTypeParameters>,,</ownDataTypeParameters>
<previousColumn>false</previousColumn>
<autoIncrementCycle>false</autoIncrementCycle>
<associations>
<colAssociation fkAssociation="1E8BD075-079B-CD79-B221-EC835DBC960B" referredColumn="BF8EF07A-38B2-64DB-CB3A-386BB8AF4548"/>
</associations>
</Column>
<Column name="PACIENTE_rut_paciente" id="C7673A8C-A0C7-8D6F-E698-BE685EA4B4F7">
<createdBy>basti</createdBy>
<createdTime>2025-09-14 14:15:18 UTC</createdTime>
<ownerDesignName>TrabajoSumativo2</ownerDesignName>
<useDomainConstraints>false</useDomainConstraints>
<use>1</use>
<logicalDatatype>LOGDT024</logicalDatatype>
<ownDataTypeParameters>,,</ownDataTypeParameters>
<autoIncrementCycle>false</autoIncrementCycle>
</Column>
</columns>
<indexes itemClass="oracle.dbtools.crest.model.design.relational.Index">
<ind_PK_UK id="E45691D6-058F-4648-F98E-0685042C5395" name="SOLICITUD_EXAMEN_PK">
<createdBy>basti</createdBy>
<createdTime>2025-09-14 13:39:41 UTC</createdTime>
<generatorID>C2FF4BE1-A9FB-CB1F-BE6A-4FDFED7F4320</generatorID>
<ownerDesignName>TrabajoSumativo2</ownerDesignName>
<pk>true</pk>
<indexState>Primary Constraint</indexState>
<isSurrogateKey>false</isSurrogateKey>
<indexColumnUsage>
<colUsage columnID="E8803103-118B-9FAD-E1C8-7DEA07D34504"/>
</indexColumnUsage>
</ind_PK_UK>
<ind_PK_UK id="413F5C4C-3FDB-9566-3B81-275A39832D23" name="SOLICITUD_EXAMEN_ATENCION_MEDICA_FK">
<createdBy>basti</createdBy>
<createdTime>2025-09-14 13:39:41 UTC</createdTime>
<generatorID>05CA1F5A-7637-D2D5-194A-572EE8BB6375</generatorID>
<ownerDesignName>TrabajoSumativo2</ownerDesignName>
<indexState>Foreign Key</indexState>
<isSurrogateKey>false</isSurrogateKey>
<indexColumnUsage>
<colUsage columnID="07076F65-BEAD-0562-E15E-25EA3C765E8E"/>
</indexColumnUsage>
</ind_PK_UK>
<ind_PK_UK id="4E0FDF20-814F-2F57-4371-742F4BC0D38B" name="SOLICITUD_EXAMEN_EXAMEN_FK">
<createdBy>basti</createdBy>
<createdTime>2025-09-14 13:39:41 UTC</createdTime>
<generatorID>93CEFDCB-3FE1-8BB6-242D-EA29680CEA54</generatorID>
<ownerDesignName>TrabajoSumativo2</ownerDesignName>
<indexState>Foreign Key</indexState>
<isSurrogateKey>false</isSurrogateKey>
<indexColumnUsage>
<colUsage columnID="E584016D-99DB-DD27-4C64-512CDF753F21"/>
</indexColumnUsage>
</ind_PK_UK>
<ind_PK_UK id="1965407A-2588-4920-A852-031580C45F2C" name="SOLICITUD_EXAMEN_PACIENTE_FK">
<createdBy>basti</createdBy>
<createdTime>2025-09-14 13:39:41 UTC</createdTime>
<generatorID>B6922C88-ADD3-D39A-B31A-33AA4430E57F</generatorID>
<ownerDesignName>TrabajoSumativo2</ownerDesignName>
<indexState>Foreign Key</indexState>
<isSurrogateKey>false</isSurrogateKey>
<indexColumnUsage>
<colUsage columnID="907A8616-B913-8E96-4DEB-2712DA7D22B8"/>
</indexColumnUsage>
</ind_PK_UK>
<ind_PK_UK id="F3C30C60-4A09-5C1C-4105-B30E164E1091" name="SOLICITUD_EXAMEN_MEDICO_FK">
<createdBy>basti</createdBy>
<createdTime>2025-09-14 13:39:41 UTC</createdTime>
<generatorID>FD034AD4-7174-97DE-8E7E-7AF1F2AC776E</generatorID>
<ownerDesignName>TrabajoSumativo2</ownerDesignName>
<indexState>Foreign Key</indexState>
<isSurrogateKey>false</isSurrogateKey>
<indexColumnUsage>
<colUsage columnID="64C7A44C-DCB8-D587-2528-427062721804"/>
</indexColumnUsage>
</ind_PK_UK>
</indexes>
</Table>