<?xml version = '1.0' encoding = 'UTF-8'?>
<Table class="oracle.dbtools.crest.model.design.relational.Table" directorySegmentName="seg_0" id="2CFA3672-3EC0-DA6F-EAE1-C8FB244EF2A8" name="PACIENTE">
<createdBy>basti</createdBy>
<createdTime>2025-09-14 13:39:41 UTC</createdTime>
<generatorID>8DACFD13-1CF5-42F5-0A14-17E1D31EBB4D</generatorID>
<ownerDesignName>TrabajoSumativo2</ownerDesignName>
<allowColumnReorder>false</allowColumnReorder>
<existDependencyGenerateInDDl>true</existDependencyGenerateInDDl>
<parsed>true</parsed>
<columns itemClass="oracle.dbtools.crest.model.design.relational.Column">
<Column name="id_paciente" id="9927E2BE-22ED-7F2C-083B-47763D748BCC">
<createdBy>basti</createdBy>
<createdTime>2025-09-14 13:39:41 UTC</createdTime>
<generatorID>EFF68691-A9D5-21D3-246D-841D94FDC979</generatorID>
<ownerDesignName>TrabajoSumativo2</ownerDesignName>
<useDomainConstraints>false</useDomainConstraints>
<use>1</use>
<logicalDatatype>LOGDT019</logicalDatatype>
<ownDataTypeParameters>,,</ownDataTypeParameters>
<autoIncrementCycle>false</autoIncrementCycle>
</Column>
<Column name="rut_paciente" id="2E032961-4604-DD2F-8EAD-59CE5CF99973">
<createdBy>basti</createdBy>
<createdTime>2025-09-14 13:39:41 UTC</createdTime>
<generatorID>D7C0E3F1-E41D-ACE2-4A94-0437F8542339</generatorID>
<ownerDesignName>TrabajoSumativo2</ownerDesignName>
<useDomainConstraints>false</useDomainConstraints>
<use>1</use>
<logicalDatatype>LOGDT024</logicalDatatype>
<dataTypeSize>12</dataTypeSize>
<ownDataTypeParameters>12,,</ownDataTypeParameters>
<autoIncrementCycle>false</autoIncrementCycle>
</Column>
<Column name="nombre_completo" id="1AFC33FD-2644-0CD1-3A66-E9A58C104EF8">
<createdBy>basti</createdBy>
<createdTime>2025-09-14 13:39:41 UTC</createdTime>
<generatorID>C75500EF-4AE6-43E9-DF3C-6A94B5FA8F92</generatorID>
<ownerDesignName>TrabajoSumativo2</ownerDesignName>
<useDomainConstraints>false</useDomainConstraints>
<use>1</use>
<logicalDatatype>LOGDT024</logicalDatatype>
<dataTypeSize>200</dataTypeSize>
<ownDataTypeParameters>200,,</ownDataTypeParameters>
<autoIncrementCycle>false</autoIncrementCycle>
</Column>
<Column name="sexo" id="32826F3F-A9A2-D540-AA20-256802A2FC5C">
<createdBy>basti</createdBy>
<createdTime>2025-09-14 13:39:41 UTC</createdTime>
<generatorID>1849BAE3-F26A-1B33-69B7-38E7696ACF74</generatorID>
<ownerDesignName>TrabajoSumativo2</ownerDesignName>
<useDomainConstraints>false</useDomainConstraints>
<use>1</use>
<logicalDatatype>LOGDT025</logicalDatatype>
<dataTypeSize>1</dataTypeSize>
<ownDataTypeParameters>1,,</ownDataTypeParameters>
<autoIncrementCycle>false</autoIncrementCycle>
</Column>
<Column name="fecha_nacimiento" id="B21557CD-8F7F-3382-AF52-FA49D2765E82">
<createdBy>basti</createdBy>
<createdTime>2025-09-14 13:39:41 UTC</createdTime>
<generatorID>8B0EC340-E073-BC8C-E110-B0FE1EF60B3B</generatorID>
<ownerDesignName>TrabajoSumativo2</ownerDesignName>
<useDomainConstraints>false</useDomainConstraints>
<use>1</use>
<logicalDatatype>LOGDT007</logicalDatatype>
<ownDataTypeParameters>,,</ownDataTypeParameters>
<autoIncrementCycle>false</autoIncrementCycle>
</Column>
<Column name="direccion" id="5D656569-9843-D546-4949-1E91F48AF532">
<createdBy>basti</createdBy>
<createdTime>2025-09-14 13:39:41 UTC</createdTime>
<generatorID>BB302B93-CB61-FCA0-6F45-A0A653F9F69B</generatorID>
<ownerDesignName>TrabajoSumativo2</ownerDesignName>
<nullsAllowed>true</nullsAllowed>
<useDomainConstraints>false</useDomainConstraints>
<use>1</use>
<logicalDatatype>LOGDT024</logicalDatatype>
<dataTypeSize>200</dataTypeSize>
<ownDataTypeParameters>200,,</ownDataTypeParameters>
<autoIncrementCycle>false</autoIncrementCycle>
</Column>
<Column name="tipo_usuario" id="21DE1396-309F-278E-26F2-9B4D09074055">
<createdBy>basti</createdBy>
<createdTime>2025-09-14 13:39:41 UTC</createdTime>
<generatorID>22256C1E-94EE-35D7-C14A-F7420201D46D</generatorID>
<ownerDesignName>TrabajoSumativo2</ownerDesignName>
<useDomainConstraints>false</useDomainConstraints>
<use>1</use>
<logicalDatatype>LOGDT024</logicalDatatype>
<dataTypeSize>20</dataTypeSize>
<ownDataTypeParameters>20,,</ownDataTypeParameters>
<autoIncrementCycle>false</autoIncrementCycle>
</Column>
<Column name="telefono" id="5F686FC4-B42D-33D4-40F9-77F58C461A58">
<createdBy>basti</createdBy>
<createdTime>2025-09-14 13:39:41 UTC</createdTime>
<generatorID>5945D044-3421-C253-459E-81D70E22B998</generatorID>
<ownerDesignName>TrabajoSumativo2</ownerDesignName>
<nullsAllowed>true</nullsAllowed>
<useDomainConstraints>false</useDomainConstraints>
<use>1</use>
<logicalDatatype>LOGDT024</logicalDatatype>
<dataTypeSize>20</dataTypeSize>
<ownDataTypeParameters>20,,</ownDataTypeParameters>
<autoIncrementCycle>false</autoIncrementCycle>
</Column>
<Column name="email" id="74104279-90C3-6E5F-635C-139C4B588DAC">
<createdBy>basti</createdBy>
<createdTime>2025-09-14 13:39:41 UTC</createdTime>
<generatorID>B155577D-D8C4-F3E0-D31B-EE0141DCF3D8</generatorID>
<ownerDesignName>TrabajoSumativo2</ownerDesignName>
<nullsAllowed>true</nullsAllowed>
<useDomainConstraints>false</useDomainConstraints>
<use>1</use>
<logicalDatatype>LOGDT024</logicalDatatype>
<dataTypeSize>150</dataTypeSize>
<ownDataTypeParameters>150,,</ownDataTypeParameters>
<autoIncrementCycle>false</autoIncrementCycle>
</Column>
<Column name="COMUNA_id_comuna" id="3F761396-4428-606E-F535-F426984D2C84">
<createdBy>basti</createdBy>
<createdTime>2025-09-14 13:39:41 UTC</createdTime>
<generatorID>2C21485C-1D7A-209B-B7FC-5D4B2D4E0060</generatorID>
<ownerDesignName>TrabajoSumativo2</ownerDesignName>
<useDomainConstraints>false</useDomainConstraints>
<use>1</use>
<logicalDatatype>LOGDT019</logicalDatatype>
<ownDataTypeParameters>,,</ownDataTypeParameters>
<previousColumn>false</previousColumn>
<autoIncrementCycle>false</autoIncrementCycle>
<associations>
<colAssociation fkAssociation="BE65649A-D218-D91B-2017-E6681BE9D7C8" referredColumn="0262F3EB-49DE-44E8-8F18-33D6F606E171"/>
</associations>
</Column>
</columns>
<indexes itemClass="oracle.dbtools.crest.model.design.relational.Index">
<ind_PK_UK id="40C2D819-E4E7-905A-8FA8-2B856D703601" name="PACIENTE_PK">
<createdBy>basti</createdBy>
<createdTime>2025-09-14 13:39:41 UTC</createdTime>
<generatorID>62AA23F7-91CA-917E-970A-70F656CB29DC</generatorID>
<ownerDesignName>TrabajoSumativo2</ownerDesignName>
<pk>true</pk>
<indexState>Primary Constraint</indexState>
<isSurrogateKey>false</isSurrogateKey>
<indexColumnUsage>
<colUsage columnID="9927E2BE-22ED-7F2C-083B-47763D748BCC"/>
</indexColumnUsage>
</ind_PK_UK>
<ind_PK_UK id="454DDF35-8DDC-6F72-91F4-AF423FE4266F" name="PACIENTE__UN">
<createdBy>basti</createdBy>
<createdTime>2025-09-14 14:07:06 UTC</createdTime>
<ownerDesignName>TrabajoSumativo2</ownerDesignName>
<indexState>Unique Constraint</indexState>
<isSurrogateKey>false</isSurrogateKey>
<indexColumnUsage>
<colUsage columnID="9927E2BE-22ED-7F2C-083B-47763D748BCC"/>
<colUsage columnID="2E032961-4604-DD2F-8EAD-59CE5CF99973"/>
</indexColumnUsage>
</ind_PK_UK>
<ind_PK_UK id="23B29CA0-ECE7-788E-03F0-DC94F179ED74" name="PACIENTE_COMUNA_FK">
<createdBy>basti</createdBy>
<createdTime>2025-09-14 13:39:41 UTC</createdTime>
<generatorID>1C6D194A-59F5-7F92-17F9-C1B6A0BF2B4D</generatorID>
<ownerDesignName>TrabajoSumativo2</ownerDesignName>
<indexState>Foreign Key</indexState>
<isSurrogateKey>false</isSurrogateKey>
<indexColumnUsage>
<colUsage columnID="3F761396-4428-606E-F535-F426984D2C84"/>
</indexColumnUsage>
</ind_PK_UK>
</indexes>
</Table>