<?xml version = '1.0' encoding = 'UTF-8'?>
<Table class="oracle.dbtools.crest.model.design.relational.Table" directorySegmentName="seg_0" id="31160578-A806-9B92-9A40-4203B87921F7" name="REGION">
<createdBy>basti</createdBy>
<createdTime>2025-09-14 13:39:41 UTC</createdTime>
<generatorID>B7D67AED-CFE1-4E03-6EA9-C9EE1E43588E</generatorID>
<ownerDesignName>TrabajoSumativo2</ownerDesignName>
<allowColumnReorder>false</allowColumnReorder>
<existDependencyGenerateInDDl>true</existDependencyGenerateInDDl>
<parsed>true</parsed>
<columns itemClass="oracle.dbtools.crest.model.design.relational.Column">
<Column name="id_region" id="475CF36E-7F02-0C1B-E0C9-127EFE97B2B9">
<createdBy>basti</createdBy>
<createdTime>2025-09-14 13:39:41 UTC</createdTime>
<generatorID>30E36C0C-FD69-FCA5-B7B2-ADBEDA4B99DB</generatorID>
<ownerDesignName>TrabajoSumativo2</ownerDesignName>
<useDomainConstraints>false</useDomainConstraints>
<use>1</use>
<logicalDatatype>LOGDT019</logicalDatatype>
<ownDataTypeParameters>,,</ownDataTypeParameters>
<autoIncrementCycle>false</autoIncrementCycle>
</Column>
<Column name="nombre_region" id="660C834B-88CE-D42C-1298-8FC3B316D0DF">
<createdBy>basti</createdBy>
<createdTime>2025-09-14 13:39:41 UTC</createdTime>
<generatorID>FADD825B-3AE5-127F-8A07-6646D1939E50</generatorID>
<ownerDesignName>TrabajoSumativo2</ownerDesignName>
<useDomainConstraints>false</useDomainConstraints>
<use>1</use>
<logicalDatatype>LOGDT024</logicalDatatype>
<dataTypeSize>100</dataTypeSize>
<ownDataTypeParameters>100,,</ownDataTypeParameters>
<autoIncrementCycle>false</autoIncrementCycle>
</Column>
</columns>
<indexes itemClass="oracle.dbtools.crest.model.design.relational.Index">
<ind_PK_UK id="0398A649-1A84-61BE-83AA-4F29741CBF86" name="REGION_PK">
<createdBy>basti</createdBy>
<createdTime>2025-09-14 13:39:41 UTC</createdTime>
<generatorID>4B5DE02D-27C6-935F-D950-AF3D90D89B51</generatorID>
<ownerDesignName>TrabajoSumativo2</ownerDesignName>
<pk>true</pk>
<indexState>Primary Constraint</indexState>
<isSurrogateKey>false</isSurrogateKey>
<indexColumnUsage>
<colUsage columnID="475CF36E-7F02-0C1B-E0C9-127EFE97B2B9"/>
</indexColumnUsage>
</ind_PK_UK>
<ind_PK_UK id="62E035E3-6A55-EE60-A0CA-A07E252A145A" name="REGION__UN">
<createdBy>basti</createdBy>
<createdTime>2025-09-14 14:18:26 UTC</createdTime>
<ownerDesignName>TrabajoSumativo2</ownerDesignName>
<indexState>Unique Constraint</indexState>
<isSurrogateKey>false</isSurrogateKey>
<indexColumnUsage>
<colUsage columnID="660C834B-88CE-D42C-1298-8FC3B316D0DF"/>
</indexColumnUsage>
</ind_PK_UK>
</indexes>
</Table>