<?xml version = '1.0' encoding = 'UTF-8'?>
<Table class="oracle.dbtools.crest.model.design.relational.Table" directorySegmentName="seg_0" id="54F27E90-04B0-7305-5D85-77DB7CA68CAD" name="ESPECIALIDAD">
<createdBy>basti</createdBy>
<createdTime>2025-09-14 13:39:41 UTC</createdTime>
<generatorID>C988526B-AC8B-29F3-26F8-F4501B7EDCC0</generatorID>
<ownerDesignName>TrabajoSumativo2</ownerDesignName>
<allowColumnReorder>false</allowColumnReorder>
<existDependencyGenerateInDDl>true</existDependencyGenerateInDDl>
<parsed>true</parsed>
<columns itemClass="oracle.dbtools.crest.model.design.relational.Column">
<Column name="id_especialidad" id="A25FE51E-F930-4AC4-0EA2-D4A01F698CCF">
<createdBy>basti</createdBy>
<createdTime>2025-09-14 13:39:41 UTC</createdTime>
<generatorID>2C81853E-6A3F-178E-D69E-310086FD0448</generatorID>
<ownerDesignName>TrabajoSumativo2</ownerDesignName>
<useDomainConstraints>false</useDomainConstraints>
<use>1</use>
<logicalDatatype>LOGDT019</logicalDatatype>
<ownDataTypeParameters>,,</ownDataTypeParameters>
<autoIncrementCycle>false</autoIncrementCycle>
</Column>
<Column name="nombre_especialidad" id="F8E1D697-DE46-7306-2361-E1496DF16E71">
<createdBy>basti</createdBy>
<createdTime>2025-09-14 13:39:41 UTC</createdTime>
<generatorID>999839DA-4037-D076-B255-28B4D59EC999</generatorID>
<ownerDesignName>TrabajoSumativo2</ownerDesignName>
<useDomainConstraints>false</useDomainConstraints>
<use>1</use>
<logicalDatatype>LOGDT024</logicalDatatype>
<dataTypeSize>100</dataTypeSize>
<ownDataTypeParameters>100,,</ownDataTypeParameters>
<autoIncrementCycle>false</autoIncrementCycle>
</Column>
</columns>
<indexes itemClass="oracle.dbtools.crest.model.design.relational.Index">
<ind_PK_UK id="E3C41F5A-EF6C-D742-FDD4-1E058A6B0D90" name="ESPECIALIDAD_PK">
<createdBy>basti</createdBy>
<createdTime>2025-09-14 13:39:41 UTC</createdTime>
<generatorID>E1DD08FD-AAFB-2481-AA6A-387671AEFDDA</generatorID>
<ownerDesignName>TrabajoSumativo2</ownerDesignName>
<pk>true</pk>
<indexState>Primary Constraint</indexState>
<isSurrogateKey>false</isSurrogateKey>
<indexColumnUsage>
<colUsage columnID="A25FE51E-F930-4AC4-0EA2-D4A01F698CCF"/>
</indexColumnUsage>
</ind_PK_UK>
</indexes>
</Table>