<?xml version = '1.0' encoding = 'UTF-8'?>
<Table class="oracle.dbtools.crest.model.design.relational.Table" directorySegmentName="seg_0" id="56FDB82C-8A75-CA92-D378-C5A1D32A13EE" name="PAGO_ATENCION">
<createdBy>basti</createdBy>
<createdTime>2025-09-14 13:39:41 UTC</createdTime>
<generatorID>A9426ADC-268B-A594-0B64-ED8B25ACD876</generatorID>
<ownerDesignName>TrabajoSumativo2</ownerDesignName>
<allowColumnReorder>false</allowColumnReorder>
<existDependencyGenerateInDDl>true</existDependencyGenerateInDDl>
<parsed>true</parsed>
<columns itemClass="oracle.dbtools.crest.model.design.relational.Column">
<Column name="id_pago" id="A03DD865-5BDE-1692-54BD-286AC913BBE1">
<createdBy>basti</createdBy>
<createdTime>2025-09-14 13:39:41 UTC</createdTime>
<generatorID>14B3A472-F863-040D-DB67-941980275776</generatorID>
<ownerDesignName>TrabajoSumativo2</ownerDesignName>
<useDomainConstraints>false</useDomainConstraints>
<use>1</use>
<logicalDatatype>LOGDT019</logicalDatatype>
<ownDataTypeParameters>,,</ownDataTypeParameters>
<autoIncrementCycle>false</autoIncrementCycle>
</Column>
<Column name="monto" id="6D0F6A06-60BF-C6B7-F950-EDA739EACA16">
<createdBy>basti</createdBy>
<createdTime>2025-09-14 13:39:41 UTC</createdTime>
<generatorID>909AA5B7-1929-C386-AB1E-CF8F23B0EDE1</generatorID>
<ownerDesignName>TrabajoSumativo2</ownerDesignName>
<useDomainConstraints>false</useDomainConstraints>
<use>1</use>
<logicalDatatype>LOGDT019</logicalDatatype>
<ownDataTypeParameters>,,</ownDataTypeParameters>
<autoIncrementCycle>false</autoIncrementCycle>
</Column>
<Column name="fecha_pago" id="5AB8A77E-58C6-527C-A741-F1E3B49E4127">
<createdBy>basti</createdBy>
<createdTime>2025-09-14 13:39:41 UTC</createdTime>
<generatorID>BC55DF1C-5779-3019-16BE-19213F88185A</generatorID>
<ownerDesignName>TrabajoSumativo2</ownerDesignName>
<nullsAllowed>true</nullsAllowed>
<useDomainConstraints>false</useDomainConstraints>
<use>1</use>
<logicalDatatype>LOGDT007</logicalDatatype>
<ownDataTypeParameters>,,</ownDataTypeParameters>
<autoIncrementCycle>false</autoIncrementCycle>
</Column>
<Column name="tipo_pago" id="75BC27AF-CFA6-643C-6FF3-E67D40674CAD">
<createdBy>basti</createdBy>
<createdTime>2025-09-14 13:39:41 UTC</createdTime>
<generatorID>AE7CF0FF-0D0D-0A36-3C9F-55A90F0EF4DF</generatorID>
<ownerDesignName>TrabajoSumativo2</ownerDesignName>
<useDomainConstraints>false</useDomainConstraints>
<use>1</use>
<logicalDatatype>LOGDT024</logicalDatatype>
<dataTypeSize>20</dataTypeSize>
<ownDataTypeParameters>20,,</ownDataTypeParameters>
<autoIncrementCycle>false</autoIncrementCycle>
</Column>
<Column name="ATENCION_MEDICA_id_atencion" id="04A8F86E-F101-630D-DBE4-B2DC9C884828">
<createdBy>basti</createdBy>
<createdTime>2025-09-14 13:39:41 UTC</createdTime>
<generatorID>BC3DB188-566B-3A4B-842A-E54A17C6FCB3</generatorID>
<ownerDesignName>TrabajoSumativo2</ownerDesignName>
<useDomainConstraints>false</useDomainConstraints>
<use>1</use>
<logicalDatatype>LOGDT019</logicalDatatype>
<ownDataTypeParameters>,,</ownDataTypeParameters>
<previousColumn>false</previousColumn>
<autoIncrementCycle>false</autoIncrementCycle>
<associations>
<colAssociation fkAssociation="9ECE8D49-1371-123E-67C5-6178C9399D46" referredColumn="4B36D2AB-872E-B366-5A86-8AE9D339173C"/>
</associations>
</Column>
</columns>
<indexes itemClass="oracle.dbtools.crest.model.design.relational.Index">
<ind_PK_UK id="B0F1363A-22D8-26C2-4052-6E1E0A24D2C1" name="PAGO_ATENCION_PK">
<createdBy>basti</createdBy>
<createdTime>2025-09-14 13:39:41 UTC</createdTime>
<generatorID>7788A713-6E4D-DA39-383D-47A6E75D6013</generatorID>
<ownerDesignName>TrabajoSumativo2</ownerDesignName>
<pk>true</pk>
<indexState>Primary Constraint</indexState>
<isSurrogateKey>false</isSurrogateKey>
<indexColumnUsage>
<colUsage columnID="A03DD865-5BDE-1692-54BD-286AC913BBE1"/>
</indexColumnUsage>
</ind_PK_UK>
<ind_PK_UK id="B5095C07-781E-A0B5-9DA9-A2841276B111" name="PAGO_ATENCION__IDX">
<createdBy>basti</createdBy>
<createdTime>2025-09-14 13:39:41 UTC</createdTime>
<ownerDesignName>TrabajoSumativo2</ownerDesignName>
<indexState>Unique Plain Index</indexState>
<isSurrogateKey>false</isSurrogateKey>
<relationGeneratorID>A6A22C09-3DBB-5327-E808-2D3C3070A84F</relationGeneratorID>
<indexColumnUsage>
<colUsage columnID="04A8F86E-F101-630D-DBE4-B2DC9C884828"/>
</indexColumnUsage>
</ind_PK_UK>
<ind_PK_UK id="38006BF6-A8E2-31F3-7778-A7900803DE99" name="PAGO_ATENCION_ATENCION_MEDICA_FK">
<createdBy>basti</createdBy>
<createdTime>2025-09-14 13:39:41 UTC</createdTime>
<generatorID>A6A22C09-3DBB-5327-E808-2D3C3070A84F</generatorID>
<ownerDesignName>TrabajoSumativo2</ownerDesignName>
<indexState>Foreign Key</indexState>
<isSurrogateKey>false</isSurrogateKey>
<indexColumnUsage>
<colUsage columnID="04A8F86E-F101-630D-DBE4-B2DC9C884828"/>
</indexColumnUsage>
</ind_PK_UK>
</indexes>
</Table>