<?xml version = '1.0' encoding = 'UTF-8'?>
<Table class="oracle.dbtools.crest.model.design.relational.Table" directorySegmentName="seg_0" id="789EA4FB-2039-8DFE-F30D-B70FC8799897" name="INSTITUCION_SALUD">
<createdBy>basti</createdBy>
<createdTime>2025-09-14 13:39:41 UTC</createdTime>
<generatorID>6E509F73-4D63-3BB4-EA22-17414E0C6BA4</generatorID>
<ownerDesignName>TrabajoSumativo2</ownerDesignName>
<allowColumnReorder>false</allowColumnReorder>
<existDependencyGenerateInDDl>true</existDependencyGenerateInDDl>
<parsed>true</parsed>
<columns itemClass="oracle.dbtools.crest.model.design.relational.Column">
<Column name="id_institucion" id="A2E1F94B-D0A7-5F34-7887-EBF4DE37BDD9">
<createdBy>basti</createdBy>
<createdTime>2025-09-14 13:39:41 UTC</createdTime>
<generatorID>C365A5E7-B75C-0521-864E-27898AC8F1E2</generatorID>
<ownerDesignName>TrabajoSumativo2</ownerDesignName>
<useDomainConstraints>false</useDomainConstraints>
<use>1</use>
<logicalDatatype>LOGDT019</logicalDatatype>
<ownDataTypeParameters>,,</ownDataTypeParameters>
<autoIncrementCycle>false</autoIncrementCycle>
</Column>
<Column name="nombre_institucion" id="5AD86AED-D914-4B6E-E94E-3F76A02C3EFA">
<createdBy>basti</createdBy>
<createdTime>2025-09-14 13:39:41 UTC</createdTime>
<generatorID>FBC0AF98-B760-49AF-F24B-DF27D305BF2B</generatorID>
<ownerDesignName>TrabajoSumativo2</ownerDesignName>
<useDomainConstraints>false</useDomainConstraints>
<use>1</use>
<logicalDatatype>LOGDT024</logicalDatatype>
<dataTypeSize>150</dataTypeSize>
<ownDataTypeParameters>150,,</ownDataTypeParameters>
<autoIncrementCycle>false</autoIncrementCycle>
</Column>
<Column name="tipo_institucion" id="81391558-60BD-1106-EF06-3E1A2CCC3E6C">
<createdBy>basti</createdBy>
<createdTime>2025-09-14 13:39:41 UTC</createdTime>
<generatorID>2792F515-BF69-90EE-49A8-677DCE8C5395</generatorID>
<ownerDesignName>TrabajoSumativo2</ownerDesignName>
<useDomainConstraints>false</useDomainConstraints>
<use>1</use>
<logicalDatatype>LOGDT024</logicalDatatype>
<dataTypeSize>10</dataTypeSize>
<ownDataTypeParameters>10,,</ownDataTypeParameters>
<autoIncrementCycle>false</autoIncrementCycle>
</Column>
</columns>
<indexes itemClass="oracle.dbtools.crest.model.design.relational.Index">
<ind_PK_UK id="7557DD91-562F-596E-A111-BD68F1AC68AB" name="INSTITUCION_SALUD_PK">
<createdBy>basti</createdBy>
<createdTime>2025-09-14 13:39:41 UTC</createdTime>
<generatorID>ABC88BC4-EAE2-83EF-5F62-C21E25891D03</generatorID>
<ownerDesignName>TrabajoSumativo2</ownerDesignName>
<pk>true</pk>
<indexState>Primary Constraint</indexState>
<isSurrogateKey>false</isSurrogateKey>
<indexColumnUsage>
<colUsage columnID="A2E1F94B-D0A7-5F34-7887-EBF4DE37BDD9"/>
</indexColumnUsage>
</ind_PK_UK>
</indexes>
</Table>