<?xml version = '1.0' encoding = 'UTF-8'?>
<Table class="oracle.dbtools.crest.model.design.relational.Table" directorySegmentName="seg_0" id="A7930507-1E37-D22D-D7C0-3181769AAE93" name="ATENCION_MEDICA">
<createdBy>basti</createdBy>
<createdTime>2025-09-14 13:39:41 UTC</createdTime>
<generatorID>36E07496-49CA-27A4-DB1B-6A66602A8249</generatorID>
<ownerDesignName>TrabajoSumativo2</ownerDesignName>
<allowColumnReorder>false</allowColumnReorder>
<existDependencyGenerateInDDl>true</existDependencyGenerateInDDl>
<parsed>true</parsed>
<columns itemClass="oracle.dbtools.crest.model.design.relational.Column">
<Column name="id_atencion" id="4B36D2AB-872E-B366-5A86-8AE9D339173C">
<createdBy>basti</createdBy>
<createdTime>2025-09-14 13:39:41 UTC</createdTime>
<generatorID>733B4BB6-A193-00C8-33F7-F3186B2574B7</generatorID>
<ownerDesignName>TrabajoSumativo2</ownerDesignName>
<useDomainConstraints>false</useDomainConstraints>
<use>1</use>
<logicalDatatype>LOGDT019</logicalDatatype>
<ownDataTypeParameters>,,</ownDataTypeParameters>
<autoIncrementCycle>false</autoIncrementCycle>
</Column>
<Column name="fecha_hora" id="50708EDD-D7F0-9503-6B9A-6CF158300133">
<createdBy>basti</createdBy>
<createdTime>2025-09-14 13:39:41 UTC</createdTime>
<generatorID>240BC4FA-940F-D00D-923C-23CB970F0FEF</generatorID>
<ownerDesignName>TrabajoSumativo2</ownerDesignName>
<useDomainConstraints>false</useDomainConstraints>
<use>1</use>
<logicalDatatype>LOGDT015</logicalDatatype>
<ownDataTypeParameters>,,</ownDataTypeParameters>
<autoIncrementCycle>false</autoIncrementCycle>
</Column>
<Column name="tipo_atencion" id="99352BEB-4452-47B9-E640-990E14344062">
<createdBy>basti</createdBy>
<createdTime>2025-09-14 13:39:41 UTC</createdTime>
<generatorID>BDF5275C-7242-5E33-5A16-6806206FE7D2</generatorID>
<ownerDesignName>TrabajoSumativo2</ownerDesignName>
<useDomainConstraints>false</useDomainConstraints>
<use>1</use>
<logicalDatatype>LOGDT024</logicalDatatype>
<dataTypeSize>20</dataTypeSize>
<ownDataTypeParameters>20,,</ownDataTypeParameters>
<autoIncrementCycle>false</autoIncrementCycle>
</Column>
<Column name="diagnostico" id="65EB78EB-2AD6-3F94-B9E8-5E8304E6A3CE">
<createdBy>basti</createdBy>
<createdTime>2025-09-14 13:39:41 UTC</createdTime>
<generatorID>79F3214B-03EE-FB3D-14DE-34A752877EFC</generatorID>
<ownerDesignName>TrabajoSumativo2</ownerDesignName>
<nullsAllowed>true</nullsAllowed>
<useDomainConstraints>false</useDomainConstraints>
<use>1</use>
<logicalDatatype>LOGDT024</logicalDatatype>
<ownDataTypeParameters>,,</ownDataTypeParameters>
<autoIncrementCycle>false</autoIncrementCycle>
</Column>
<Column name="PACIENTE_id_paciente" id="735EDED8-9676-2022-2FD3-252C44B8E19A">
<createdBy>basti</createdBy>
<createdTime>2025-09-14 13:39:41 UTC</createdTime>
<generatorID>28F4DDB6-BFCF-7EB5-A83B-0BADA1807F1D</generatorID>
<ownerDesignName>TrabajoSumativo2</ownerDesignName>
<useDomainConstraints>false</useDomainConstraints>
<use>1</use>
<logicalDatatype>LOGDT019</logicalDatatype>
<ownDataTypeParameters>,,</ownDataTypeParameters>
<previousColumn>false</previousColumn>
<autoIncrementCycle>false</autoIncrementCycle>
<associations>
<colAssociation fkAssociation="13B3F589-3BAD-3924-E0B1-2EC7D06AA303" referredColumn="9927E2BE-22ED-7F2C-083B-47763D748BCC"/>
</associations>
</Column>
<Column name="MEDICO_id_medico" id="0B23E435-2FAF-97B2-5C96-5D47E46FA183">
<createdBy>basti</createdBy>
<createdTime>2025-09-14 13:39:41 UTC</createdTime>
<generatorID>770ECADE-4662-FE75-367B-A67205EBE614</generatorID>
<ownerDesignName>TrabajoSumativo2</ownerDesignName>
<useDomainConstraints>false</useDomainConstraints>
<use>1</use>
<logicalDatatype>LOGDT019</logicalDatatype>
<ownDataTypeParameters>,,</ownDataTypeParameters>
<previousColumn>false</previousColumn>
<autoIncrementCycle>false</autoIncrementCycle>
<associations>
<colAssociation fkAssociation="B0DC0C4D-A71D-1CC1-C79C-C337BDAB60E2" referredColumn="BF8EF07A-38B2-64DB-CB3A-386BB8AF4548"/>
</associations>
</Column>
<Column name="PAGO_ATENCION_id_pago" id="590C858A-F41F-BD96-7198-8648B93BFCC8">
<createdBy>basti</createdBy>
<createdTime>2025-09-14 13:39:41 UTC</createdTime>
<generatorID>6B2B2D58-07C9-6FC9-E8B7-FAC3579D6617</generatorID>
<ownerDesignName>TrabajoSumativo2</ownerDesignName>
<useDomainConstraints>false</useDomainConstraints>
<use>1</use>
<logicalDatatype>LOGDT019</logicalDatatype>
<ownDataTypeParameters>,,</ownDataTypeParameters>
<previousColumn>false</previousColumn>
<autoIncrementCycle>false</autoIncrementCycle>
<associations>
<colAssociation fkAssociation="29F8E7A1-B4D6-8B53-6925-892738C9AAFC" referredColumn="A03DD865-5BDE-1692-54BD-286AC913BBE1"/>
</associations>
</Column>
<Column name="PACIENTE_rut_paciente" id="4A03AE84-3557-BEE3-747D-437B78BCDF98">
<createdBy>basti</createdBy>
<createdTime>2025-09-14 14:15:18 UTC</createdTime>
<ownerDesignName>TrabajoSumativo2</ownerDesignName>
<useDomainConstraints>false</useDomainConstraints>
<use>1</use>
<logicalDatatype>LOGDT024</logicalDatatype>
<ownDataTypeParameters>,,</ownDataTypeParameters>
<previousColumn>false</previousColumn>
<autoIncrementCycle>false</autoIncrementCycle>
</Column>
</columns>
<indexes itemClass="oracle.dbtools.crest.model.design.relational.Index">
<ind_PK_UK id="7ED5EC19-2310-AF59-91C6-A58BDE06AC70" name="ATENCION_MEDICA_PK">
<createdBy>basti</createdBy>
<createdTime>2025-09-14 13:39:41 UTC</createdTime>
<generatorID>978175C2-2CE0-BF7A-4417-B0483C47B517</generatorID>
<ownerDesignName>TrabajoSumativo2</ownerDesignName>
<pk>true</pk>
<indexState>Primary Constraint</indexState>
<isSurrogateKey>false</isSurrogateKey>
<indexColumnUsage>
<colUsage columnID="4B36D2AB-872E-B366-5A86-8AE9D339173C"/>
</indexColumnUsage>
</ind_PK_UK>
<ind_PK_UK id="D8C5E215-32A3-8373-7EF2-E894EF54B00D" name="ATENCION_MEDICA__IDX">
<createdBy>basti</createdBy>
<createdTime>2025-09-14 13:39:41 UTC</createdTime>
<ownerDesignName>TrabajoSumativo2</ownerDesignName>
<indexState>Unique Plain Index</indexState>
<isSurrogateKey>false</isSurrogateKey>
<relationGeneratorID>A6A22C09-3DBB-5327-E808-2D3C3070A84F</relationGeneratorID>
<indexColumnUsage>
<colUsage columnID="590C858A-F41F-BD96-7198-8648B93BFCC8"/>
</indexColumnUsage>
</ind_PK_UK>
<ind_PK_UK id="210489FD-4B1E-EBFB-1024-AFF7E2864DCB" name="ATENCION_MEDICA_PACIENTE_FK">
<createdBy>basti</createdBy>
<createdTime>2025-09-14 13:39:41 UTC</createdTime>
<generatorID>58FBD17D-EA02-53E0-0AF2-3F5C616DE407</generatorID>
<ownerDesignName>TrabajoSumativo2</ownerDesignName>
<indexState>Foreign Key</indexState>
<isSurrogateKey>false</isSurrogateKey>
<indexColumnUsage>
<colUsage columnID="735EDED8-9676-2022-2FD3-252C44B8E19A"/>
</indexColumnUsage>
</ind_PK_UK>
<ind_PK_UK id="371FF726-9E7F-872D-C34B-90697730E37B" name="ATENCION_MEDICA_MEDICO_FK">
<createdBy>basti</createdBy>
<createdTime>2025-09-14 13:39:41 UTC</createdTime>
<generatorID>95C4212B-0D1A-F0DD-934C-6227A353FA80</generatorID>
<ownerDesignName>TrabajoSumativo2</ownerDesignName>
<indexState>Foreign Key</indexState>
<isSurrogateKey>false</isSurrogateKey>
<indexColumnUsage>
<colUsage columnID="0B23E435-2FAF-97B2-5C96-5D47E46FA183"/>
</indexColumnUsage>
</ind_PK_UK>
<ind_PK_UK id="6D53B84A-0F97-DB4C-7D69-0BEEE10E5AD4" name="ATENCION_MEDICA_PAGO_ATENCION_FK">
<createdBy>basti</createdBy>
<createdTime>2025-09-14 13:39:41 UTC</createdTime>
<generatorID>A6A22C09-3DBB-5327-E808-2D3C3070A84F</generatorID>
<ownerDesignName>TrabajoSumativo2</ownerDesignName>
<indexState>Foreign Key</indexState>
<isSurrogateKey>false</isSurrogateKey>
<indexColumnUsage>
<colUsage columnID="590C858A-F41F-BD96-7198-8648B93BFCC8"/>
</indexColumnUsage>
</ind_PK_UK>
</indexes>
</Table>