<?xml version = '1.0' encoding = 'UTF-8'?>
<Table class="oracle.dbtools.crest.model.design.relational.Table" directorySegmentName="seg_0" id="AF3E9BF0-41B9-98A4-5211-C67319300D1F" name="MEDICO">
<createdBy>basti</createdBy>
<createdTime>2025-09-14 13:39:41 UTC</createdTime>
<generatorID>C3AFBD3A-B90E-9352-E5DD-49C1F67D9194</generatorID>
<ownerDesignName>TrabajoSumativo2</ownerDesignName>
<allowColumnReorder>false</allowColumnReorder>
<existDependencyGenerateInDDl>true</existDependencyGenerateInDDl>
<parsed>true</parsed>
<columns itemClass="oracle.dbtools.crest.model.design.relational.Column">
<Column name="id_medico" id="BF8EF07A-38B2-64DB-CB3A-386BB8AF4548">
<createdBy>basti</createdBy>
<createdTime>2025-09-14 13:39:41 UTC</createdTime>
<generatorID>6C47ECAD-12D3-5F68-5783-6B3883ED0508</generatorID>
<ownerDesignName>TrabajoSumativo2</ownerDesignName>
<useDomainConstraints>false</useDomainConstraints>
<use>1</use>
<logicalDatatype>LOGDT019</logicalDatatype>
<ownDataTypeParameters>,,</ownDataTypeParameters>
<autoIncrementCycle>false</autoIncrementCycle>
</Column>
<Column name="rut_medico" id="3B6EA226-0091-60E9-E838-C1B9EE111C2E">
<createdBy>basti</createdBy>
<createdTime>2025-09-14 13:39:41 UTC</createdTime>
<generatorID>330D32F4-357E-3A91-F666-CB9801D8BEB3</generatorID>
<ownerDesignName>TrabajoSumativo2</ownerDesignName>
<useDomainConstraints>false</useDomainConstraints>
<use>1</use>
<logicalDatatype>LOGDT024</logicalDatatype>
<dataTypeSize>12</dataTypeSize>
<ownDataTypeParameters>12,,</ownDataTypeParameters>
<autoIncrementCycle>false</autoIncrementCycle>
</Column>
<Column name="nombre_completo" id="085F0129-C35F-288D-D452-F276703DB7E1">
<createdBy>basti</createdBy>
<createdTime>2025-09-14 13:39:41 UTC</createdTime>
<generatorID>8B33D632-ECFC-009E-F003-CF32C02D57A4</generatorID>
<ownerDesignName>TrabajoSumativo2</ownerDesignName>
<useDomainConstraints>false</useDomainConstraints>
<use>1</use>
<logicalDatatype>LOGDT024</logicalDatatype>
<dataTypeSize>200</dataTypeSize>
<ownDataTypeParameters>200,,</ownDataTypeParameters>
<autoIncrementCycle>false</autoIncrementCycle>
</Column>
<Column name="fecha_ingreso" id="B1182236-FC42-E051-BE97-96FFD2D6033C">
<createdBy>basti</createdBy>
<createdTime>2025-09-14 13:39:41 UTC</createdTime>
<generatorID>2E76B378-1FCF-5240-8C0B-CD937BAA677E</generatorID>
<ownerDesignName>TrabajoSumativo2</ownerDesignName>
<nullsAllowed>true</nullsAllowed>
<useDomainConstraints>false</useDomainConstraints>
<use>1</use>
<logicalDatatype>LOGDT007</logicalDatatype>
<ownDataTypeParameters>,,</ownDataTypeParameters>
<autoIncrementCycle>false</autoIncrementCycle>
</Column>
<Column name="ESPECIALIDAD_id_especialidad" id="5EFF12E7-49D5-6EFD-3875-61EF8C3B0BBC">
<createdBy>basti</createdBy>
<createdTime>2025-09-14 13:39:41 UTC</createdTime>
<generatorID>21D85BF5-1217-299A-B12D-604EC3ADBB4D</generatorID>
<ownerDesignName>TrabajoSumativo2</ownerDesignName>
<useDomainConstraints>false</useDomainConstraints>
<use>1</use>
<logicalDatatype>LOGDT019</logicalDatatype>
<ownDataTypeParameters>,,</ownDataTypeParameters>
<previousColumn>false</previousColumn>
<autoIncrementCycle>false</autoIncrementCycle>
<associations>
<colAssociation fkAssociation="81C385FC-92F8-8F29-FE1D-52C2C6CE9380" referredColumn="A25FE51E-F930-4AC4-0EA2-D4A01F698CCF"/>
</associations>
</Column>
<Column name="AFP_id_afp" id="3F707DDD-A27E-0341-C455-FCE97F64D93B">
<createdBy>basti</createdBy>
<createdTime>2025-09-14 13:39:41 UTC</createdTime>
<generatorID>B78EE2E8-CCCB-BD79-47B9-301BA763576B</generatorID>
<ownerDesignName>TrabajoSumativo2</ownerDesignName>
<useDomainConstraints>false</useDomainConstraints>
<use>1</use>
<logicalDatatype>LOGDT019</logicalDatatype>
<ownDataTypeParameters>,,</ownDataTypeParameters>
<previousColumn>false</previousColumn>
<autoIncrementCycle>false</autoIncrementCycle>
<associations>
<colAssociation fkAssociation="CAAC061E-9CC5-7670-3870-D3AFAB922A89" referredColumn="F0D82A1E-9BC2-A1F6-F3F9-5786DE14A630"/>
</associations>
</Column>
<Column name="INSTITUCION_SALUD_id_institucion" id="05B01D65-2337-D4FE-9547-A2232E099B9F">
<createdBy>basti</createdBy>
<createdTime>2025-09-14 13:39:41 UTC</createdTime>
<generatorID>81447118-725C-9D3C-FE42-7DBE65507D91</generatorID>
<ownerDesignName>TrabajoSumativo2</ownerDesignName>
<useDomainConstraints>false</useDomainConstraints>
<use>1</use>
<logicalDatatype>LOGDT019</logicalDatatype>
<ownDataTypeParameters>,,</ownDataTypeParameters>
<previousColumn>false</previousColumn>
<autoIncrementCycle>false</autoIncrementCycle>
<associations>
<colAssociation fkAssociation="B6403B40-CEB7-721D-E1D1-2FC79F0BA5A6" referredColumn="A2E1F94B-D0A7-5F34-7887-EBF4DE37BDD9"/>
</associations>
</Column>
<Column name="MEDICO_id_medico" id="19BAB918-B902-49C3-535B-9F67F52F03C5">
<createdBy>basti</createdBy>
<createdTime>2025-09-14 13:39:41 UTC</createdTime>
<generatorID>D8751364-8CDB-B79B-4B7A-EDA49AA6384A</generatorID>
<ownerDesignName>TrabajoSumativo2</ownerDesignName>
<nullsAllowed>true</nullsAllowed>
<useDomainConstraints>false</useDomainConstraints>
<use>1</use>
<logicalDatatype>LOGDT019</logicalDatatype>
<ownDataTypeParameters>,,</ownDataTypeParameters>
<previousColumn>false</previousColumn>
<autoIncrementCycle>false</autoIncrementCycle>
<associations>
<colAssociation fkAssociation="A6B4ABA0-EED9-2E7B-01E2-63D846037DC5" referredColumn="BF8EF07A-38B2-64DB-CB3A-386BB8AF4548"/>
</associations>
</Column>
</columns>
<indexes itemClass="oracle.dbtools.crest.model.design.relational.Index">
<ind_PK_UK id="09132653-9FFE-D878-5D42-B83FCD8805BB" name="MEDICO_PK">
<createdBy>basti</createdBy>
<createdTime>2025-09-14 13:39:41 UTC</createdTime>
<generatorID>8B264D6B-C9F8-66EF-7BB4-5BBCAEC60186</generatorID>
<ownerDesignName>TrabajoSumativo2</ownerDesignName>
<pk>true</pk>
<indexState>Primary Constraint</indexState>
<isSurrogateKey>false</isSurrogateKey>
<indexColumnUsage>
<colUsage columnID="BF8EF07A-38B2-64DB-CB3A-386BB8AF4548"/>
</indexColumnUsage>
</ind_PK_UK>
<ind_PK_UK id="D8E62A1E-D574-79F7-FAA0-E18C74A8322B" name="MEDICO__UN">
<createdBy>basti</createdBy>
<createdTime>2025-09-14 14:20:56 UTC</createdTime>
<ownerDesignName>TrabajoSumativo2</ownerDesignName>
<indexState>Unique Constraint</indexState>
<isSurrogateKey>false</isSurrogateKey>
<indexColumnUsage>
<colUsage columnID="3B6EA226-0091-60E9-E838-C1B9EE111C2E"/>
</indexColumnUsage>
</ind_PK_UK>
<ind_PK_UK id="0D40C722-6986-50CA-529C-37A0D846A89F" name="MEDICO_ESPECIALIDAD_FK">
<createdBy>basti</createdBy>
<createdTime>2025-09-14 13:39:41 UTC</createdTime>
<generatorID>C1D8E8EC-EB18-6E10-537B-E32CF55E8294</generatorID>
<ownerDesignName>TrabajoSumativo2</ownerDesignName>
<indexState>Foreign Key</indexState>
<isSurrogateKey>false</isSurrogateKey>
<indexColumnUsage>
<colUsage columnID="5EFF12E7-49D5-6EFD-3875-61EF8C3B0BBC"/>
</indexColumnUsage>
</ind_PK_UK>
<ind_PK_UK id="B4C1D150-F626-6569-DB10-9E2E8CF2B73D" name="MEDICO_AFP_FK">
<createdBy>basti</createdBy>
<createdTime>2025-09-14 13:39:41 UTC</createdTime>
<generatorID>828D0709-0A07-9CF3-85E6-2F7CB06E063F</generatorID>
<ownerDesignName>TrabajoSumativo2</ownerDesignName>
<indexState>Foreign Key</indexState>
<isSurrogateKey>false</isSurrogateKey>
<indexColumnUsage>
<colUsage columnID="3F707DDD-A27E-0341-C455-FCE97F64D93B"/>
</indexColumnUsage>
</ind_PK_UK>
<ind_PK_UK id="D300EB95-C7B9-3B60-C6A5-5F6E6C4B286A" name="MEDICO_INSTITUCION_SALUD_FK">
<createdBy>basti</createdBy>
<createdTime>2025-09-14 13:39:41 UTC</createdTime>
<generatorID>456F9AA1-EBFC-4C0C-CD90-7CF24ECAF950</generatorID>
<ownerDesignName>TrabajoSumativo2</ownerDesignName>
<indexState>Foreign Key</indexState>
<isSurrogateKey>false</isSurrogateKey>
<indexColumnUsage>
<colUsage columnID="05B01D65-2337-D4FE-9547-A2232E099B9F"/>
</indexColumnUsage>
</ind_PK_UK>
<ind_PK_UK id="FF8462CC-F8C7-7398-8C55-097FC7457070" name="MEDICO_MEDICO_FK">
<createdBy>basti</createdBy>
<createdTime>2025-09-14 13:39:41 UTC</createdTime>
<generatorID>F027ADFA-B9C9-B418-CCD2-745CFBE84601</generatorID>
<ownerDesignName>TrabajoSumativo2</ownerDesignName>
<indexState>Foreign Key</indexState>
<isSurrogateKey>false</isSurrogateKey>
<indexColumnUsage>
<colUsage columnID="19BAB918-B902-49C3-535B-9F67F52F03C5"/>
</indexColumnUsage>
</ind_PK_UK>
</indexes>
</Table>