<?xml version = '1.0' encoding = 'UTF-8'?>
<Table class="oracle.dbtools.crest.model.design.relational.Table" directorySegmentName="seg_0" id="D6BC7788-39A0-0E6F-22D0-409AB2FD5CF3" name="AFP">
<createdBy>basti</createdBy>
<createdTime>2025-09-14 13:39:41 UTC</createdTime>
<generatorID>FF3BC052-5288-60E0-C78A-150723A2A763</generatorID>
<ownerDesignName>TrabajoSumativo2</ownerDesignName>
<allowColumnReorder>false</allowColumnReorder>
<existDependencyGenerateInDDl>true</existDependencyGenerateInDDl>
<parsed>true</parsed>
<columns itemClass="oracle.dbtools.crest.model.design.relational.Column">
<Column name="id_afp" id="F0D82A1E-9BC2-A1F6-F3F9-5786DE14A630">
<createdBy>basti</createdBy>
<createdTime>2025-09-14 13:39:41 UTC</createdTime>
<generatorID>4802EE89-ACC5-9CC0-1A6A-C55CCA57DD73</generatorID>
<ownerDesignName>TrabajoSumativo2</ownerDesignName>
<useDomainConstraints>false</useDomainConstraints>
<use>1</use>
<logicalDatatype>LOGDT019</logicalDatatype>
<ownDataTypeParameters>,,</ownDataTypeParameters>
<autoIncrementCycle>false</autoIncrementCycle>
</Column>
<Column name="codigo_afp" id="79E917EC-7793-732C-9161-EC4D91A846AE">
<createdBy>basti</createdBy>
<createdTime>2025-09-14 13:39:41 UTC</createdTime>
<generatorID>8789CFC7-94C3-D713-5B6A-6EE1A8B6C2DB</generatorID>
<ownerDesignName>TrabajoSumativo2</ownerDesignName>
<nullsAllowed>true</nullsAllowed>
<useDomainConstraints>false</useDomainConstraints>
<use>1</use>
<logicalDatatype>LOGDT024</logicalDatatype>
<dataTypeSize>20</dataTypeSize>
<ownDataTypeParameters>20,,</ownDataTypeParameters>
<autoIncrementCycle>false</autoIncrementCycle>
</Column>
<Column name="nombre_afp" id="62E62CEE-3375-8A8F-F1DC-9105F9A17912">
<createdBy>basti</createdBy>
<createdTime>2025-09-14 13:39:41 UTC</createdTime>
<generatorID>32C50898-13AF-15AE-CA40-5B68134A2AE1</generatorID>
<ownerDesignName>TrabajoSumativo2</ownerDesignName>
<useDomainConstraints>false</useDomainConstraints>
<use>1</use>
<logicalDatatype>LOGDT024</logicalDatatype>
<dataTypeSize>150</dataTypeSize>
<ownDataTypeParameters>150,,</ownDataTypeParameters>
<autoIncrementCycle>false</autoIncrementCycle>
</Column>
</columns>
<indexes itemClass="oracle.dbtools.crest.model.design.relational.Index">
<ind_PK_UK id="9D5342EF-3736-0994-49AF-F0E49B3ACA0F" name="AFP_PK">
<createdBy>basti</createdBy>
<createdTime>2025-09-14 13:39:41 UTC</createdTime>
<generatorID>8CB4B7A6-A971-ACF9-725C-D6F571FE12B6</generatorID>
<ownerDesignName>TrabajoSumativo2</ownerDesignName>
<pk>true</pk>
<indexState>Primary Constraint</indexState>
<isSurrogateKey>false</isSurrogateKey>
<indexColumnUsage>
<colUsage columnID="F0D82A1E-9BC2-A1F6-F3F9-5786DE14A630"/>
</indexColumnUsage>
</ind_PK_UK>
<ind_PK_UK id="570BD905-573B-E041-39F8-DDACF25CF300" name="AFP__UN">
<createdBy>basti</createdBy>
<createdTime>2025-09-14 14:19:55 UTC</createdTime>
<ownerDesignName>TrabajoSumativo2</ownerDesignName>
<indexState>Unique Constraint</indexState>
<isSurrogateKey>false</isSurrogateKey>
<indexColumnUsage>
<colUsage columnID="79E917EC-7793-732C-9161-EC4D91A846AE"/>
</indexColumnUsage>
</ind_PK_UK>
<ind_PK_UK id="235B7328-2A70-7EA6-EF7B-45D0FA2A5AAD" name="AFP__UNv1">
<createdBy>basti</createdBy>
<createdTime>2025-09-14 14:19:55 UTC</createdTime>
<ownerDesignName>TrabajoSumativo2</ownerDesignName>
<indexState>Unique Constraint</indexState>
<isSurrogateKey>false</isSurrogateKey>
<indexColumnUsage>
<colUsage columnID="62E62CEE-3375-8A8F-F1DC-9105F9A17912"/>
</indexColumnUsage>
</ind_PK_UK>
</indexes>
</Table>