<?xml version = '1.0' encoding = 'UTF-8'?>
<Entity class="oracle.dbtools.crest.model.design.logical.Entity" directorySegmentName="seg_0" id="215A3A05-6FDD-0058-E58C-F7AA70B0CEA9" name="COMUNA">
<createdBy>basti</createdBy>
<createdTime>2025-09-14 05:57:40 UTC</createdTime>
<ownerDesignName>TrabajoSumativo2</ownerDesignName>
<engineerTo>
<item key="AF620593-2723-C75D-EDD0-57AA2A47F231" value="true"/>
</engineerTo>
<adequatelyNormalized>NO</adequatelyNormalized>
<expectedVolumes>0</expectedVolumes>
<fwdEngineeringStrategyName>Single Table</fwdEngineeringStrategyName>
<growthPercent>0</growthPercent>
<growthType>Year</growthType>
<maxVolumes>9999999</maxVolumes>
<minVolumes>0</minVolumes>
<normalForm>Third</normalForm>
<attributes itemClass="oracle.dbtools.crest.model.design.logical.Attribute">
<Attribute name="id_comuna" id="EE6C24FB-F641-E8F4-6A62-6BE55986C32C">
<createdBy>basti</createdBy>
<createdTime>2025-09-14 05:58:23 UTC</createdTime>
<ownerDesignName>TrabajoSumativo2</ownerDesignName>
<engineerTo>
<item key="AF620593-2723-C75D-EDD0-57AA2A47F231" value="true"/>
</engineerTo>
<useDomainConstraints>false</useDomainConstraints>
<use>1</use>
<logicalDatatype>LOGDT019</logicalDatatype>
<ownDataTypeParameters>,,</ownDataTypeParameters>
</Attribute>
<Attribute name="nombre_comuna" id="68F8B072-68E0-5EFB-DA09-184B795E7F69">
<createdBy>basti</createdBy>
<createdTime>2025-09-14 05:59:00 UTC</createdTime>
<ownerDesignName>TrabajoSumativo2</ownerDesignName>
<engineerTo>
<item key="AF620593-2723-C75D-EDD0-57AA2A47F231" value="true"/>
</engineerTo>
<useDomainConstraints>false</useDomainConstraints>
<use>1</use>
<logicalDatatype>LOGDT024</logicalDatatype>
<dataTypeSize>100</dataTypeSize>
<ownDataTypeParameters>100,,</ownDataTypeParameters>
</Attribute>
<Attribute name="id_region" id="9290460A-EC00-3404-5CDA-902A232656FD">
<createdBy>basti</createdBy>
<createdTime>2025-09-14 13:05:36 UTC</createdTime>
<generatorID>41C9573B-39BA-7ED0-960C-C647CABCD256</generatorID>
<ownerDesignName>TrabajoSumativo2</ownerDesignName>
<engineerTo>
<item key="AF620593-2723-C75D-EDD0-57AA2A47F231" value="true"/>
</engineerTo>
<referedAttribute>30E36C0C-FD69-FCA5-B7B2-ADBEDA4B99DB</referedAttribute>
<useDomainConstraints>false</useDomainConstraints>
<use>1</use>
<logicalDatatype>LOGDT019</logicalDatatype>
<ownDataTypeParameters>,,</ownDataTypeParameters>
</Attribute>
</attributes>
<identifiers itemClass="oracle.dbtools.crest.model.design.logical.CandidateKey">
<identifier id="CA58BC5F-3DFC-3D90-1A12-DC62DFEF6C45" name="COMUNA PK">
<createdBy>basti</createdBy>
<createdTime>2025-09-14 05:58:32 UTC</createdTime>
<ownerDesignName>TrabajoSumativo2</ownerDesignName>
<engineerTo>
<item key="AF620593-2723-C75D-EDD0-57AA2A47F231" value="true"/>
</engineerTo>
<pk>true</pk>
<usedAttributes>
<attributeRef>EE6C24FB-F641-E8F4-6A62-6BE55986C32C</attributeRef>
</usedAttributes>
</identifier>
</identifiers>
</Entity>