<?xml version = '1.0' encoding = 'UTF-8'?>
<Entity class="oracle.dbtools.crest.model.design.logical.Entity" directorySegmentName="seg_0" id="9DFF3B39-1F41-352C-94E8-128A2E04D4B7" name="SOLICITUD_EXAMEN">
<createdBy>basti</createdBy>
<createdTime>2025-09-14 06:20:26 UTC</createdTime>
<ownerDesignName>TrabajoSumativo2</ownerDesignName>
<engineerTo>
<item key="AF620593-2723-C75D-EDD0-57AA2A47F231" value="true"/>
</engineerTo>
<adequatelyNormalized>NO</adequatelyNormalized>
<expectedVolumes>0</expectedVolumes>
<fwdEngineeringStrategyName>Single Table</fwdEngineeringStrategyName>
<growthPercent>0</growthPercent>
<growthType>Year</growthType>
<maxVolumes>9999999</maxVolumes>
<minVolumes>0</minVolumes>
<normalForm>Third</normalForm>
<attributes itemClass="oracle.dbtools.crest.model.design.logical.Attribute">
<Attribute name="id_solicitud" id="21A55BF5-1F2B-2949-19B7-153CBBDF4009">
<createdBy>basti</createdBy>
<createdTime>2025-09-14 06:20:41 UTC</createdTime>
<ownerDesignName>TrabajoSumativo2</ownerDesignName>
<engineerTo>
<item key="AF620593-2723-C75D-EDD0-57AA2A47F231" value="true"/>
</engineerTo>
<useDomainConstraints>false</useDomainConstraints>
<use>1</use>
<logicalDatatype>LOGDT019</logicalDatatype>
<ownDataTypeParameters>,,</ownDataTypeParameters>
</Attribute>
<Attribute name="fecha_solicitud" id="23C56CDC-64E0-98A3-E628-8478601D21D2">
<createdBy>basti</createdBy>
<createdTime>2025-09-14 06:20:52 UTC</createdTime>
<ownerDesignName>TrabajoSumativo2</ownerDesignName>
<engineerTo>
<item key="AF620593-2723-C75D-EDD0-57AA2A47F231" value="true"/>
</engineerTo>
<useDomainConstraints>false</useDomainConstraints>
<use>1</use>
<logicalDatatype>LOGDT007</logicalDatatype>
<ownDataTypeParameters>,,</ownDataTypeParameters>
</Attribute>
<Attribute name="fecha_resultado" id="EEBA809A-ADF4-B72A-5F48-8A885DF4C306">
<createdBy>basti</createdBy>
<createdTime>2025-09-14 06:21:13 UTC</createdTime>
<ownerDesignName>TrabajoSumativo2</ownerDesignName>
<engineerTo>
<item key="AF620593-2723-C75D-EDD0-57AA2A47F231" value="true"/>
</engineerTo>
<nullsAllowed>true</nullsAllowed>
<useDomainConstraints>false</useDomainConstraints>
<use>1</use>
<logicalDatatype>LOGDT007</logicalDatatype>
<ownDataTypeParameters>,,</ownDataTypeParameters>
</Attribute>
<Attribute name="resultado" id="5C61190E-E000-949D-5025-FAF8EBACA130">
<createdBy>basti</createdBy>
<createdTime>2025-09-14 06:21:31 UTC</createdTime>
<ownerDesignName>TrabajoSumativo2</ownerDesignName>
<engineerTo>
<item key="AF620593-2723-C75D-EDD0-57AA2A47F231" value="true"/>
</engineerTo>
<nullsAllowed>true</nullsAllowed>
<useDomainConstraints>false</useDomainConstraints>
<use>1</use>
<logicalDatatype>LOGDT024</logicalDatatype>
<ownDataTypeParameters>,,</ownDataTypeParameters>
</Attribute>
<Attribute name="id_atencion" id="DF2192B9-89C8-2029-934E-6A8F4ABB1EA5">
<createdBy>basti</createdBy>
<createdTime>2025-09-14 13:09:25 UTC</createdTime>
<generatorID>05CA1F5A-7637-D2D5-194A-572EE8BB6375</generatorID>
<ownerDesignName>TrabajoSumativo2</ownerDesignName>
<engineerTo>
<item key="AF620593-2723-C75D-EDD0-57AA2A47F231" value="true"/>
</engineerTo>
<referedAttribute>733B4BB6-A193-00C8-33F7-F3186B2574B7</referedAttribute>
<useDomainConstraints>false</useDomainConstraints>
<use>1</use>
<logicalDatatype>LOGDT019</logicalDatatype>
<ownDataTypeParameters>,,</ownDataTypeParameters>
</Attribute>
<Attribute name="id_examen" id="620FC69D-D187-A09E-5978-997C138AD808">
<createdBy>basti</createdBy>
<createdTime>2025-09-14 13:09:41 UTC</createdTime>
<generatorID>93CEFDCB-3FE1-8BB6-242D-EA29680CEA54</generatorID>
<ownerDesignName>TrabajoSumativo2</ownerDesignName>
<engineerTo>
<item key="AF620593-2723-C75D-EDD0-57AA2A47F231" value="true"/>
</engineerTo>
<referedAttribute>C40271CA-DD65-1933-2E4C-247B6B26D70F</referedAttribute>
<useDomainConstraints>false</useDomainConstraints>
<use>1</use>
<logicalDatatype>LOGDT019</logicalDatatype>
<ownDataTypeParameters>,,</ownDataTypeParameters>
</Attribute>
<Attribute name="id_paciente" id="741C2D08-60C7-598F-4773-D2AC1CF14221">
<createdBy>basti</createdBy>
<createdTime>2025-09-14 13:09:55 UTC</createdTime>
<generatorID>B6922C88-ADD3-D39A-B31A-33AA4430E57F</generatorID>
<ownerDesignName>TrabajoSumativo2</ownerDesignName>
<engineerTo>
<item key="AF620593-2723-C75D-EDD0-57AA2A47F231" value="true"/>
</engineerTo>
<referedAttribute>EFF68691-A9D5-21D3-246D-841D94FDC979</referedAttribute>
<useDomainConstraints>false</useDomainConstraints>
<use>1</use>
<logicalDatatype>LOGDT019</logicalDatatype>
<ownDataTypeParameters>,,</ownDataTypeParameters>
</Attribute>
<Attribute name="id_medico" id="75F2CD95-0F0B-B89C-051E-4572A6C07FDE">
<createdBy>basti</createdBy>
<createdTime>2025-09-14 13:10:03 UTC</createdTime>
<generatorID>FD034AD4-7174-97DE-8E7E-7AF1F2AC776E</generatorID>
<ownerDesignName>TrabajoSumativo2</ownerDesignName>
<engineerTo>
<item key="AF620593-2723-C75D-EDD0-57AA2A47F231" value="true"/>
</engineerTo>
<referedAttribute>6C47ECAD-12D3-5F68-5783-6B3883ED0508</referedAttribute>
<useDomainConstraints>false</useDomainConstraints>
<use>1</use>
<logicalDatatype>LOGDT019</logicalDatatype>
<ownDataTypeParameters>,,</ownDataTypeParameters>
</Attribute>
</attributes>
<identifiers itemClass="oracle.dbtools.crest.model.design.logical.CandidateKey">
<identifier id="C2FF4BE1-A9FB-CB1F-BE6A-4FDFED7F4320" name="SOLICITUD_EXAMEN PK">
<createdBy>basti</createdBy>
<createdTime>2025-09-14 06:20:50 UTC</createdTime>
<ownerDesignName>TrabajoSumativo2</ownerDesignName>
<engineerTo>
<item key="AF620593-2723-C75D-EDD0-57AA2A47F231" value="true"/>
</engineerTo>
<pk>true</pk>
<usedAttributes>
<attributeRef>21A55BF5-1F2B-2949-19B7-153CBBDF4009</attributeRef>
</usedAttributes>
</identifier>
</identifiers>
</Entity>