<?xml version = '1.0' encoding = 'UTF-8'?>
<Entity class="oracle.dbtools.crest.model.design.logical.Entity" directorySegmentName="seg_0" id="B7D67AED-CFE1-4E03-6EA9-C9EE1E43588E" name="REGION">
<createdBy>basti</createdBy>
<createdTime>2025-09-14 05:55:50 UTC</createdTime>
<ownerDesignName>TrabajoSumativo2</ownerDesignName>
<engineerTo>
<item key="AF620593-2723-C75D-EDD0-57AA2A47F231" value="true"/>
</engineerTo>
<adequatelyNormalized>NO</adequatelyNormalized>
<expectedVolumes>0</expectedVolumes>
<fwdEngineeringStrategyName>Single Table</fwdEngineeringStrategyName>
<growthPercent>0</growthPercent>
<growthType>Year</growthType>
<maxVolumes>9999999</maxVolumes>
<minVolumes>0</minVolumes>
<normalForm>Third</normalForm>
<attributes itemClass="oracle.dbtools.crest.model.design.logical.Attribute">
<Attribute name="id_region" id="30E36C0C-FD69-FCA5-B7B2-ADBEDA4B99DB">
<createdBy>basti</createdBy>
<createdTime>2025-09-14 05:56:26 UTC</createdTime>
<ownerDesignName>TrabajoSumativo2</ownerDesignName>
<engineerTo>
<item key="AF620593-2723-C75D-EDD0-57AA2A47F231" value="true"/>
</engineerTo>
<useDomainConstraints>false</useDomainConstraints>
<use>1</use>
<logicalDatatype>LOGDT019</logicalDatatype>
<ownDataTypeParameters>,,</ownDataTypeParameters>
</Attribute>
<Attribute name="nombre_region" id="FADD825B-3AE5-127F-8A07-6646D1939E50">
<createdBy>basti</createdBy>
<createdTime>2025-09-14 05:56:48 UTC</createdTime>
<ownerDesignName>TrabajoSumativo2</ownerDesignName>
<engineerTo>
<item key="AF620593-2723-C75D-EDD0-57AA2A47F231" value="true"/>
</engineerTo>
<useDomainConstraints>false</useDomainConstraints>
<use>1</use>
<logicalDatatype>LOGDT024</logicalDatatype>
<dataTypeSize>100</dataTypeSize>
<ownDataTypeParameters>100,,</ownDataTypeParameters>
</Attribute>
</attributes>
<identifiers itemClass="oracle.dbtools.crest.model.design.logical.CandidateKey">
<identifier id="4B5DE02D-27C6-935F-D950-AF3D90D89B51" name="REGION PK">
<createdBy>basti</createdBy>
<createdTime>2025-09-14 05:56:45 UTC</createdTime>
<ownerDesignName>TrabajoSumativo2</ownerDesignName>
<engineerTo>
<item key="AF620593-2723-C75D-EDD0-57AA2A47F231" value="true"/>
</engineerTo>
<pk>true</pk>
<usedAttributes>
<attributeRef>30E36C0C-FD69-FCA5-B7B2-ADBEDA4B99DB</attributeRef>
</usedAttributes>
</identifier>
</identifiers>
</Entity>