<?xml version = '1.0' encoding = 'UTF-8'?>
<Entity class="oracle.dbtools.crest.model.design.logical.Entity" directorySegmentName="seg_0" id="C3AFBD3A-B90E-9352-E5DD-49C1F67D9194" name="MEDICO">
<createdBy>basti</createdBy>
<createdTime>2025-09-14 06:11:24 UTC</createdTime>
<ownerDesignName>TrabajoSumativo2</ownerDesignName>
<engineerTo>
<item key="AF620593-2723-C75D-EDD0-57AA2A47F231" value="true"/>
</engineerTo>
<adequatelyNormalized>NO</adequatelyNormalized>
<expectedVolumes>0</expectedVolumes>
<fwdEngineeringStrategyName>Single Table</fwdEngineeringStrategyName>
<growthPercent>0</growthPercent>
<growthType>Year</growthType>
<maxVolumes>9999999</maxVolumes>
<minVolumes>0</minVolumes>
<normalForm>Third</normalForm>
<attributes itemClass="oracle.dbtools.crest.model.design.logical.Attribute">
<Attribute name="id_medico" id="6C47ECAD-12D3-5F68-5783-6B3883ED0508">
<createdBy>basti</createdBy>
<createdTime>2025-09-14 06:11:36 UTC</createdTime>
<ownerDesignName>TrabajoSumativo2</ownerDesignName>
<engineerTo>
<item key="AF620593-2723-C75D-EDD0-57AA2A47F231" value="true"/>
</engineerTo>
<useDomainConstraints>false</useDomainConstraints>
<use>1</use>
<logicalDatatype>LOGDT019</logicalDatatype>
<ownDataTypeParameters>,,</ownDataTypeParameters>
</Attribute>
<Attribute name="rut_medico" id="330D32F4-357E-3A91-F666-CB9801D8BEB3">
<createdBy>basti</createdBy>
<createdTime>2025-09-14 06:11:59 UTC</createdTime>
<ownerDesignName>TrabajoSumativo2</ownerDesignName>
<engineerTo>
<item key="AF620593-2723-C75D-EDD0-57AA2A47F231" value="true"/>
</engineerTo>
<useDomainConstraints>false</useDomainConstraints>
<use>1</use>
<logicalDatatype>LOGDT024</logicalDatatype>
<dataTypeSize>12</dataTypeSize>
<ownDataTypeParameters>12,,</ownDataTypeParameters>
</Attribute>
<Attribute name="nombre_completo" id="8B33D632-ECFC-009E-F003-CF32C02D57A4">
<createdBy>basti</createdBy>
<createdTime>2025-09-14 06:12:12 UTC</createdTime>
<ownerDesignName>TrabajoSumativo2</ownerDesignName>
<engineerTo>
<item key="AF620593-2723-C75D-EDD0-57AA2A47F231" value="true"/>
</engineerTo>
<useDomainConstraints>false</useDomainConstraints>
<use>1</use>
<logicalDatatype>LOGDT024</logicalDatatype>
<dataTypeSize>200</dataTypeSize>
<ownDataTypeParameters>200,,</ownDataTypeParameters>
</Attribute>
<Attribute name="fecha_ingreso" id="2E76B378-1FCF-5240-8C0B-CD937BAA677E">
<createdBy>basti</createdBy>
<createdTime>2025-09-14 06:12:26 UTC</createdTime>
<ownerDesignName>TrabajoSumativo2</ownerDesignName>
<engineerTo>
<item key="AF620593-2723-C75D-EDD0-57AA2A47F231" value="true"/>
</engineerTo>
<nullsAllowed>true</nullsAllowed>
<useDomainConstraints>false</useDomainConstraints>
<use>1</use>
<logicalDatatype>LOGDT007</logicalDatatype>
<ownDataTypeParameters>,,</ownDataTypeParameters>
</Attribute>
<Attribute name="id_especialidad" id="21D85BF5-1217-299A-B12D-604EC3ADBB4D">
<createdBy>basti</createdBy>
<createdTime>2025-09-14 13:07:38 UTC</createdTime>
<generatorID>C1D8E8EC-EB18-6E10-537B-E32CF55E8294</generatorID>
<ownerDesignName>TrabajoSumativo2</ownerDesignName>
<engineerTo>
<item key="AF620593-2723-C75D-EDD0-57AA2A47F231" value="true"/>
</engineerTo>
<referedAttribute>2C81853E-6A3F-178E-D69E-310086FD0448</referedAttribute>
<useDomainConstraints>false</useDomainConstraints>
<use>1</use>
<logicalDatatype>LOGDT019</logicalDatatype>
<ownDataTypeParameters>,,</ownDataTypeParameters>
</Attribute>
<Attribute name="id_afp" id="B78EE2E8-CCCB-BD79-47B9-301BA763576B">
<createdBy>basti</createdBy>
<createdTime>2025-09-14 13:07:54 UTC</createdTime>
<generatorID>828D0709-0A07-9CF3-85E6-2F7CB06E063F</generatorID>
<ownerDesignName>TrabajoSumativo2</ownerDesignName>
<engineerTo>
<item key="AF620593-2723-C75D-EDD0-57AA2A47F231" value="true"/>
</engineerTo>
<referedAttribute>4802EE89-ACC5-9CC0-1A6A-C55CCA57DD73</referedAttribute>
<useDomainConstraints>false</useDomainConstraints>
<use>1</use>
<logicalDatatype>LOGDT019</logicalDatatype>
<ownDataTypeParameters>,,</ownDataTypeParameters>
</Attribute>
<Attribute name="id_institucion" id="81447118-725C-9D3C-FE42-7DBE65507D91">
<createdBy>basti</createdBy>
<createdTime>2025-09-14 13:08:09 UTC</createdTime>
<generatorID>456F9AA1-EBFC-4C0C-CD90-7CF24ECAF950</generatorID>
<ownerDesignName>TrabajoSumativo2</ownerDesignName>
<engineerTo>
<item key="AF620593-2723-C75D-EDD0-57AA2A47F231" value="true"/>
</engineerTo>
<referedAttribute>C365A5E7-B75C-0521-864E-27898AC8F1E2</referedAttribute>
<useDomainConstraints>false</useDomainConstraints>
<use>1</use>
<logicalDatatype>LOGDT019</logicalDatatype>
<ownDataTypeParameters>,,</ownDataTypeParameters>
</Attribute>
<Attribute name="id_medico1" id="D8751364-8CDB-B79B-4B7A-EDA49AA6384A">
<createdBy>basti</createdBy>
<createdTime>2025-09-14 13:08:55 UTC</createdTime>
<generatorID>F027ADFA-B9C9-B418-CCD2-745CFBE84601</generatorID>
<ownerDesignName>TrabajoSumativo2</ownerDesignName>
<engineerTo>
<item key="AF620593-2723-C75D-EDD0-57AA2A47F231" value="true"/>
</engineerTo>
<nullsAllowed>true</nullsAllowed>
<referedAttribute>6C47ECAD-12D3-5F68-5783-6B3883ED0508</referedAttribute>
<useDomainConstraints>false</useDomainConstraints>
<use>1</use>
<logicalDatatype>LOGDT019</logicalDatatype>
<ownDataTypeParameters>,,</ownDataTypeParameters>
</Attribute>
</attributes>
<identifiers itemClass="oracle.dbtools.crest.model.design.logical.CandidateKey">
<identifier id="8B264D6B-C9F8-66EF-7BB4-5BBCAEC60186" name="MEDICO PK">
<createdBy>basti</createdBy>
<createdTime>2025-09-14 06:11:58 UTC</createdTime>
<ownerDesignName>TrabajoSumativo2</ownerDesignName>
<engineerTo>
<item key="AF620593-2723-C75D-EDD0-57AA2A47F231" value="true"/>
</engineerTo>
<pk>true</pk>
<usedAttributes>
<attributeRef>6C47ECAD-12D3-5F68-5783-6B3883ED0508</attributeRef>
</usedAttributes>
</identifier>
</identifiers>
</Entity>