<?xml version = '1.0' encoding = 'UTF-8'?>
<Diagram class="oracle.dbtools.crest.swingui.logical.DPVLogical" name="Logical" id="363EA4A6-61FB-2D83-EED2-7FB2EEDCE48C">
<createdBy>basti</createdBy>
<modifiedBy>basti</modifiedBy>
<createdTime>2025-09-14 05:54:49 UTC</createdTime>
<autoRoute>false</autoRoute>
<boxInbox>true</boxInbox>
<showLegend>false</showLegend>
<showLabels>false</showLabels>
<showRelAttributes>false</showRelAttributes>
<gridEnabled>false</gridEnabled>
<showGrid>false</showGrid>
<diagramColor>-1</diagramColor>
<display>false</display>
<notation>1</notation>
<objectViews>
<OView class="oracle.dbtools.crest.swingui.logical.TVEntity" oid="215A3A05-6FDD-0058-E58C-F7AA70B0CEA9" otype="Entity" vid="36279E9E-635F-EB21-902A-32B7A938A860">
<hideElementsInCurrentOnly>false</hideElementsInCurrentOnly>
<bounds x="377" y="81" width="226" height="108"/>
</OView>
<OView class="oracle.dbtools.crest.swingui.logical.TVEntity" oid="36E07496-49CA-27A4-DB1B-6A66602A8249" otype="Entity" vid="47FA92A6-D8F4-D683-E607-64ADAE2F563B">
<hideElementsInCurrentOnly>false</hideElementsInCurrentOnly>
<bounds x="695" y="446" width="221" height="163"/>
</OView>
<OView class="oracle.dbtools.crest.swingui.logical.TVEntity" oid="6E509F73-4D63-3BB4-EA22-17414E0C6BA4" otype="Entity" vid="241FA37B-C91A-0245-284F-07FED10C3D7C">
<hideElementsInCurrentOnly>false</hideElementsInCurrentOnly>
<bounds x="1342" y="543" width="235" height="101"/>
</OView>
<OView class="oracle.dbtools.crest.swingui.logical.TVEntity" oid="8DACFD13-1CF5-42F5-0A14-17E1D31EBB4D" otype="Entity" vid="855ACCF0-1FDF-DF1D-9FC7-4EF5B8B0CBC0">
<hideElementsInCurrentOnly>false</hideElementsInCurrentOnly>
<bounds x="365" y="310" width="252" height="198"/>
</OView>
<OView class="oracle.dbtools.crest.swingui.logical.TVEntity" oid="9DFF3B39-1F41-352C-94E8-128A2E04D4B7" otype="Entity" vid="FB39DF4B-26B1-0BBD-1EB3-7D8DEACEB4A3">
<hideElementsInCurrentOnly>false</hideElementsInCurrentOnly>
<bounds x="849" y="208" width="252" height="170"/>
</OView>
<OView class="oracle.dbtools.crest.swingui.logical.TVEntity" oid="A9426ADC-268B-A594-0B64-ED8B25ACD876" otype="Entity" vid="C48DC3C5-E2D2-9ADE-EA18-58845FC3619A">
<hideElementsInCurrentOnly>false</hideElementsInCurrentOnly>
<bounds x="572" y="686" width="210" height="136"/>
</OView>
<OView class="oracle.dbtools.crest.swingui.logical.TVEntity" oid="B7D67AED-CFE1-4E03-6EA9-C9EE1E43588E" otype="Entity" vid="140E80CD-6050-E873-9E52-1C85C6A49FE3">
<hideElementsInCurrentOnly>false</hideElementsInCurrentOnly>
<bounds x="90" y="73" width="223" height="110"/>
</OView>
<OView class="oracle.dbtools.crest.swingui.logical.TVEntity" oid="C3AFBD3A-B90E-9352-E5DD-49C1F67D9194" otype="Entity" vid="619D143F-44CA-8EAA-3398-EA6F4CE4A8AC">
<hideElementsInCurrentOnly>false</hideElementsInCurrentOnly>
<bounds x="974" y="442" width="245" height="161"/>
</OView>
<OView class="oracle.dbtools.crest.swingui.logical.TVEntity" oid="C988526B-AC8B-29F3-26F8-F4501B7EDCC0" otype="Entity" vid="CE8C6AB6-7FA6-95DB-6A89-AA749F810257">
<hideElementsInCurrentOnly>false</hideElementsInCurrentOnly>
<bounds x="884" y="709" width="246" height="110"/>
</OView>
<OView class="oracle.dbtools.crest.swingui.logical.TVEntity" oid="F4DEFE98-AE65-38ED-3E61-85CB181C025B" otype="Entity" vid="4661CDE5-1523-DE29-C52D-2D7C82AEE573">
<hideElementsInCurrentOnly>false</hideElementsInCurrentOnly>
<bounds x="1243" y="199" width="258" height="136"/>
</OView>
<OView class="oracle.dbtools.crest.swingui.logical.TVEntity" oid="FF3BC052-5288-60E0-C78A-150723A2A763" otype="Entity" vid="D3B6A238-25E4-C013-5901-F1405C69BE2C">
<hideElementsInCurrentOnly>false</hideElementsInCurrentOnly>
<bounds x="1339" y="397" width="216" height="102"/>
</OView>
</objectViews>
<connectors>
<Connector class="oracle.dbtools.crest.swingui.logical.TVRelation" oid="05CA1F5A-7637-D2D5-194A-572EE8BB6375" otype="Relation" vid_source="47FA92A6-D8F4-D683-E607-64ADAE2F563B" vid_target="FB39DF4B-26B1-0BBD-1EB3-7D8DEACEB4A3">
<hideElementsInCurrentOnly>false</hideElementsInCurrentOnly>
<backgroundColor>-16777216</backgroundColor>
<lineWidth>1</lineWidth>
<points>
<point x="882" y="446"/>
<point x="882" y="378"/>
</points>
</Connector>
<Connector class="oracle.dbtools.crest.swingui.logical.TVRelation" oid="1C6D194A-59F5-7F92-17F9-C1B6A0BF2B4D" otype="Relation" vid_source="36279E9E-635F-EB21-902A-32B7A938A860" vid_target="855ACCF0-1FDF-DF1D-9FC7-4EF5B8B0CBC0">
<hideElementsInCurrentOnly>false</hideElementsInCurrentOnly>
<backgroundColor>-16777216</backgroundColor>
<lineWidth>1</lineWidth>
<points>
<point x="490" y="189"/>
<point x="490" y="310"/>
</points>
</Connector>
<Connector class="oracle.dbtools.crest.swingui.logical.TVRelation" oid="41C9573B-39BA-7ED0-960C-C647CABCD256" otype="Relation" vid_source="140E80CD-6050-E873-9E52-1C85C6A49FE3" vid_target="36279E9E-635F-EB21-902A-32B7A938A860">
<hideElementsInCurrentOnly>false</hideElementsInCurrentOnly>
<backgroundColor>-16777216</backgroundColor>
<lineWidth>1</lineWidth>
<points>
<point x="313" y="132"/>
<point x="377" y="132"/>
</points>
</Connector>
<Connector class="oracle.dbtools.crest.swingui.logical.TVRelation" oid="456F9AA1-EBFC-4C0C-CD90-7CF24ECAF950" otype="Relation" vid_source="241FA37B-C91A-0245-284F-07FED10C3D7C" vid_target="619D143F-44CA-8EAA-3398-EA6F4CE4A8AC">
<hideElementsInCurrentOnly>false</hideElementsInCurrentOnly>
<backgroundColor>-16777216</backgroundColor>
<lineWidth>1</lineWidth>
<points>
<point x="1342" y="573"/>
<point x="1219" y="573"/>
</points>
</Connector>
<Connector class="oracle.dbtools.crest.swingui.logical.TVRelation" oid="58FBD17D-EA02-53E0-0AF2-3F5C616DE407" otype="Relation" vid_source="855ACCF0-1FDF-DF1D-9FC7-4EF5B8B0CBC0" vid_target="47FA92A6-D8F4-D683-E607-64ADAE2F563B">
<hideElementsInCurrentOnly>false</hideElementsInCurrentOnly>
<backgroundColor>-16777216</backgroundColor>
<lineWidth>1</lineWidth>
<points>
<point x="617" y="477"/>
<point x="695" y="477"/>
</points>
</Connector>
<Connector class="oracle.dbtools.crest.swingui.logical.TVRelation" oid="828D0709-0A07-9CF3-85E6-2F7CB06E063F" otype="Relation" vid_source="D3B6A238-25E4-C013-5901-F1405C69BE2C" vid_target="619D143F-44CA-8EAA-3398-EA6F4CE4A8AC">
<hideElementsInCurrentOnly>false</hideElementsInCurrentOnly>
<backgroundColor>-16777216</backgroundColor>
<lineWidth>1</lineWidth>
<points>
<point x="1339" y="470"/>
<point x="1219" y="470"/>
</points>
</Connector>
<Connector class="oracle.dbtools.crest.swingui.logical.TVRelation" oid="93CEFDCB-3FE1-8BB6-242D-EA29680CEA54" otype="Relation" vid_source="4661CDE5-1523-DE29-C52D-2D7C82AEE573" vid_target="FB39DF4B-26B1-0BBD-1EB3-7D8DEACEB4A3">
<hideElementsInCurrentOnly>false</hideElementsInCurrentOnly>
<backgroundColor>-16777216</backgroundColor>
<lineWidth>1</lineWidth>
<points>
<point x="1243" y="271"/>
<point x="1101" y="271"/>
</points>
</Connector>
<Connector class="oracle.dbtools.crest.swingui.logical.TVRelation" oid="95C4212B-0D1A-F0DD-934C-6227A353FA80" otype="Relation" vid_source="619D143F-44CA-8EAA-3398-EA6F4CE4A8AC" vid_target="47FA92A6-D8F4-D683-E607-64ADAE2F563B">
<hideElementsInCurrentOnly>false</hideElementsInCurrentOnly>
<backgroundColor>-16777216</backgroundColor>
<lineWidth>1</lineWidth>
<points>
<point x="974" y="524"/>
<point x="916" y="524"/>
</points>
</Connector>
<Connector class="oracle.dbtools.crest.swingui.logical.TVRelation" oid="A6A22C09-3DBB-5327-E808-2D3C3070A84F" otype="Relation" vid_source="47FA92A6-D8F4-D683-E607-64ADAE2F563B" vid_target="C48DC3C5-E2D2-9ADE-EA18-58845FC3619A">
<hideElementsInCurrentOnly>false</hideElementsInCurrentOnly>
<backgroundColor>-16777216</backgroundColor>
<lineWidth>1</lineWidth>
<points>
<point x="738" y="609"/>
<point x="738" y="686"/>
</points>
</Connector>
<Connector class="oracle.dbtools.crest.swingui.logical.TVRelation" oid="B6922C88-ADD3-D39A-B31A-33AA4430E57F" otype="Relation" vid_source="855ACCF0-1FDF-DF1D-9FC7-4EF5B8B0CBC0" vid_target="FB39DF4B-26B1-0BBD-1EB3-7D8DEACEB4A3">
<hideElementsInCurrentOnly>false</hideElementsInCurrentOnly>
<backgroundColor>-16777216</backgroundColor>
<lineWidth>1</lineWidth>
<points>
<point x="617" y="344"/>
<point x="849" y="344"/>
</points>
</Connector>
<Connector class="oracle.dbtools.crest.swingui.logical.TVRelation" oid="C1D8E8EC-EB18-6E10-537B-E32CF55E8294" otype="Relation" vid_source="CE8C6AB6-7FA6-95DB-6A89-AA749F810257" vid_target="619D143F-44CA-8EAA-3398-EA6F4CE4A8AC">
<hideElementsInCurrentOnly>false</hideElementsInCurrentOnly>
<backgroundColor>-16777216</backgroundColor>
<lineWidth>1</lineWidth>
<points>
<point x="1052" y="709"/>
<point x="1052" y="603"/>
</points>
</Connector>
<Connector class="oracle.dbtools.crest.swingui.logical.TVRelation" oid="F027ADFA-B9C9-B418-CCD2-745CFBE84601" otype="Relation" vid_source="619D143F-44CA-8EAA-3398-EA6F4CE4A8AC" vid_target="619D143F-44CA-8EAA-3398-EA6F4CE4A8AC">
<hideElementsInCurrentOnly>false</hideElementsInCurrentOnly>
<backgroundColor>-16777216</backgroundColor>
<lineWidth>1</lineWidth>
<points>
<point x="1219" y="554"/>
<point x="1250" y="554"/>
<point x="1253" y="660"/>
<point x="1126" y="660"/>
<point x="1126" y="603"/>
</points>
</Connector>
<Connector class="oracle.dbtools.crest.swingui.logical.TVRelation" oid="FD034AD4-7174-97DE-8E7E-7AF1F2AC776E" otype="Relation" vid_source="619D143F-44CA-8EAA-3398-EA6F4CE4A8AC" vid_target="FB39DF4B-26B1-0BBD-1EB3-7D8DEACEB4A3">
<hideElementsInCurrentOnly>false</hideElementsInCurrentOnly>
<backgroundColor>-16777216</backgroundColor>
<lineWidth>1</lineWidth>
<points>
<point x="1037" y="442"/>
<point x="1037" y="378"/>
</points>
</Connector>
</connectors>
</Diagram>