<?xml version = '1.0' encoding = 'UTF-8'?>
<Relation class="oracle.dbtools.crest.model.design.logical.Relation" name="Relation_10" directorySegmentName="seg_0" id="05CA1F5A-7637-D2D5-194A-572EE8BB6375">
<createdBy>basti</createdBy>
<createdTime>2025-09-14 13:09:25 UTC</createdTime>
<ownerDesignName>TrabajoSumativo2</ownerDesignName>
<engineerTo>
<item key="AF620593-2723-C75D-EDD0-57AA2A47F231" value="true"/>
</engineerTo>
<sourcePk>978175C2-2CE0-BF7A-4417-B0483C47B517</sourcePk>
<identifying>false</identifying>
<optionalSource>true</optionalSource>
<optionalTarget>false</optionalTarget>
<sourceCardinality>1</sourceCardinality>
<sourceEntity>36E07496-49CA-27A4-DB1B-6A66602A8249</sourceEntity>
<targetCardinalityString>*</targetCardinalityString>
<targetEntity>9DFF3B39-1F41-352C-94E8-128A2E04D4B7</targetEntity>
<transferable>true</transferable>
<deleteRule>NO ACTION</deleteRule>
</Relation>