<?xml version = '1.0' encoding = 'UTF-8'?>
<Relation class="oracle.dbtools.crest.model.design.logical.Relation" name="Relation_2" directorySegmentName="seg_0" id="1C6D194A-59F5-7F92-17F9-C1B6A0BF2B4D">
<createdBy>basti</createdBy>
<createdTime>2025-09-14 13:06:19 UTC</createdTime>
<ownerDesignName>TrabajoSumativo2</ownerDesignName>
<engineerTo>
<item key="AF620593-2723-C75D-EDD0-57AA2A47F231" value="true"/>
</engineerTo>
<sourcePk>CA58BC5F-3DFC-3D90-1A12-DC62DFEF6C45</sourcePk>
<identifying>false</identifying>
<optionalSource>true</optionalSource>
<optionalTarget>false</optionalTarget>
<sourceCardinality>1</sourceCardinality>
<sourceEntity>215A3A05-6FDD-0058-E58C-F7AA70B0CEA9</sourceEntity>
<targetCardinalityString>*</targetCardinalityString>
<targetEntity>8DACFD13-1CF5-42F5-0A14-17E1D31EBB4D</targetEntity>
<transferable>true</transferable>
<deleteRule>NO ACTION</deleteRule>
</Relation>