<?xml version = '1.0' encoding = 'UTF-8'?>
<Relation class="oracle.dbtools.crest.model.design.logical.Relation" name="Relation_1" directorySegmentName="seg_0" id="41C9573B-39BA-7ED0-960C-C647CABCD256">
<createdBy>basti</createdBy>
<createdTime>2025-09-14 13:05:36 UTC</createdTime>
<ownerDesignName>TrabajoSumativo2</ownerDesignName>
<engineerTo>
<item key="AF620593-2723-C75D-EDD0-57AA2A47F231" value="true"/>
</engineerTo>
<sourcePk>4B5DE02D-27C6-935F-D950-AF3D90D89B51</sourcePk>
<identifying>false</identifying>
<optionalSource>true</optionalSource>
<optionalTarget>false</optionalTarget>
<sourceCardinality>1</sourceCardinality>
<sourceEntity>B7D67AED-CFE1-4E03-6EA9-C9EE1E43588E</sourceEntity>
<targetCardinalityString>*</targetCardinalityString>
<targetEntity>215A3A05-6FDD-0058-E58C-F7AA70B0CEA9</targetEntity>
<transferable>true</transferable>
<deleteRule>NO ACTION</deleteRule>
</Relation>