<?xml version = '1.0' encoding = 'UTF-8'?>
<Relation class="oracle.dbtools.crest.model.design.logical.Relation" name="Relation_8" directorySegmentName="seg_0" id="456F9AA1-EBFC-4C0C-CD90-7CF24ECAF950">
<createdBy>basti</createdBy>
<createdTime>2025-09-14 13:08:09 UTC</createdTime>
<ownerDesignName>TrabajoSumativo2</ownerDesignName>
<engineerTo>
<item key="AF620593-2723-C75D-EDD0-57AA2A47F231" value="true"/>
</engineerTo>
<sourcePk>ABC88BC4-EAE2-83EF-5F62-C21E25891D03</sourcePk>
<identifying>false</identifying>
<optionalSource>true</optionalSource>
<optionalTarget>false</optionalTarget>
<sourceCardinality>1</sourceCardinality>
<sourceEntity>6E509F73-4D63-3BB4-EA22-17414E0C6BA4</sourceEntity>
<targetCardinalityString>*</targetCardinalityString>
<targetEntity>C3AFBD3A-B90E-9352-E5DD-49C1F67D9194</targetEntity>
<transferable>true</transferable>
<deleteRule>NO ACTION</deleteRule>
</Relation>