<?xml version = '1.0' encoding = 'UTF-8'?>
<Relation class="oracle.dbtools.crest.model.design.logical.Relation" name="Relation_3" directorySegmentName="seg_0" id="58FBD17D-EA02-53E0-0AF2-3F5C616DE407">
<createdBy>basti</createdBy>
<createdTime>2025-09-14 13:06:30 UTC</createdTime>
<ownerDesignName>TrabajoSumativo2</ownerDesignName>
<engineerTo>
<item key="AF620593-2723-C75D-EDD0-57AA2A47F231" value="true"/>
</engineerTo>
<sourcePk>62AA23F7-91CA-917E-970A-70F656CB29DC</sourcePk>
<identifying>false</identifying>
<optionalSource>true</optionalSource>
<optionalTarget>false</optionalTarget>
<sourceCardinality>1</sourceCardinality>
<sourceEntity>8DACFD13-1CF5-42F5-0A14-17E1D31EBB4D</sourceEntity>
<targetCardinalityString>*</targetCardinalityString>
<targetEntity>36E07496-49CA-27A4-DB1B-6A66602A8249</targetEntity>
<transferable>true</transferable>
<deleteRule>NO ACTION</deleteRule>
</Relation>