<?xml version = '1.0' encoding = 'UTF-8'?>
<Relation class="oracle.dbtools.crest.model.design.logical.Relation" name="Relation_7" directorySegmentName="seg_0" id="828D0709-0A07-9CF3-85E6-2F7CB06E063F">
<createdBy>basti</createdBy>
<createdTime>2025-09-14 13:07:54 UTC</createdTime>
<ownerDesignName>TrabajoSumativo2</ownerDesignName>
<engineerTo>
<item key="AF620593-2723-C75D-EDD0-57AA2A47F231" value="true"/>
</engineerTo>
<sourcePk>8CB4B7A6-A971-ACF9-725C-D6F571FE12B6</sourcePk>
<identifying>false</identifying>
<optionalSource>true</optionalSource>
<optionalTarget>false</optionalTarget>
<sourceCardinality>1</sourceCardinality>
<sourceEntity>FF3BC052-5288-60E0-C78A-150723A2A763</sourceEntity>
<targetCardinalityString>*</targetCardinalityString>
<targetEntity>C3AFBD3A-B90E-9352-E5DD-49C1F67D9194</targetEntity>
<transferable>true</transferable>
<deleteRule>NO ACTION</deleteRule>
</Relation>