<?xml version = '1.0' encoding = 'UTF-8'?>
<Relation class="oracle.dbtools.crest.model.design.logical.Relation" name="Relation_11" directorySegmentName="seg_0" id="93CEFDCB-3FE1-8BB6-242D-EA29680CEA54">
<createdBy>basti</createdBy>
<createdTime>2025-09-14 13:09:41 UTC</createdTime>
<ownerDesignName>TrabajoSumativo2</ownerDesignName>
<engineerTo>
<item key="AF620593-2723-C75D-EDD0-57AA2A47F231" value="true"/>
</engineerTo>
<sourcePk>C18CBE40-1E9D-5162-4576-3EA5647C710A</sourcePk>
<identifying>false</identifying>
<optionalSource>true</optionalSource>
<optionalTarget>false</optionalTarget>
<sourceCardinality>1</sourceCardinality>
<sourceEntity>F4DEFE98-AE65-38ED-3E61-85CB181C025B</sourceEntity>
<targetCardinalityString>*</targetCardinalityString>
<targetEntity>9DFF3B39-1F41-352C-94E8-128A2E04D4B7</targetEntity>
<transferable>true</transferable>
<deleteRule>NO ACTION</deleteRule>
</Relation>