<?xml version = '1.0' encoding = 'UTF-8'?>
<Relation class="oracle.dbtools.crest.model.design.logical.Relation" name="Relation_4" directorySegmentName="seg_0" id="95C4212B-0D1A-F0DD-934C-6227A353FA80">
<createdBy>basti</createdBy>
<createdTime>2025-09-14 13:06:53 UTC</createdTime>
<ownerDesignName>TrabajoSumativo2</ownerDesignName>
<engineerTo>
<item key="AF620593-2723-C75D-EDD0-57AA2A47F231" value="true"/>
</engineerTo>
<sourcePk>8B264D6B-C9F8-66EF-7BB4-5BBCAEC60186</sourcePk>
<identifying>false</identifying>
<optionalSource>true</optionalSource>
<optionalTarget>false</optionalTarget>
<sourceCardinality>1</sourceCardinality>
<sourceEntity>C3AFBD3A-B90E-9352-E5DD-49C1F67D9194</sourceEntity>
<targetCardinalityString>*</targetCardinalityString>
<targetEntity>36E07496-49CA-27A4-DB1B-6A66602A8249</targetEntity>
<transferable>true</transferable>
<deleteRule>NO ACTION</deleteRule>
</Relation>