<?xml version = '1.0' encoding = 'UTF-8'?>
<Relation class="oracle.dbtools.crest.model.design.logical.Relation" name="Relation_5" directorySegmentName="seg_0" id="A6A22C09-3DBB-5327-E808-2D3C3070A84F">
<createdBy>basti</createdBy>
<createdTime>2025-09-14 13:07:26 UTC</createdTime>
<ownerDesignName>TrabajoSumativo2</ownerDesignName>
<engineerTo>
<item key="AF620593-2723-C75D-EDD0-57AA2A47F231" value="true"/>
</engineerTo>
<sourcePk>978175C2-2CE0-BF7A-4417-B0483C47B517</sourcePk>
<targetPk>7788A713-6E4D-DA39-383D-47A6E75D6013</targetPk>
<identifying>false</identifying>
<optionalSource>false</optionalSource>
<optionalTarget>false</optionalTarget>
<sourceCardinality>1</sourceCardinality>
<sourceEntity>36E07496-49CA-27A4-DB1B-6A66602A8249</sourceEntity>
<targetCardinalityString>1</targetCardinalityString>
<targetEntity>A9426ADC-268B-A594-0B64-ED8B25ACD876</targetEntity>
<transferable>true</transferable>
<deleteRule>NO ACTION</deleteRule>
</Relation>