<?xml version = '1.0' encoding = 'UTF-8'?>
<Relation class="oracle.dbtools.crest.model.design.logical.Relation" name="Relation_12" directorySegmentName="seg_0" id="B6922C88-ADD3-D39A-B31A-33AA4430E57F">
<createdBy>basti</createdBy>
<createdTime>2025-09-14 13:09:55 UTC</createdTime>
<ownerDesignName>TrabajoSumativo2</ownerDesignName>
<engineerTo>
<item key="AF620593-2723-C75D-EDD0-57AA2A47F231" value="true"/>
</engineerTo>
<sourcePk>62AA23F7-91CA-917E-970A-70F656CB29DC</sourcePk>
<identifying>false</identifying>
<optionalSource>true</optionalSource>
<optionalTarget>false</optionalTarget>
<sourceCardinality>1</sourceCardinality>
<sourceEntity>8DACFD13-1CF5-42F5-0A14-17E1D31EBB4D</sourceEntity>
<targetCardinalityString>*</targetCardinalityString>
<targetEntity>9DFF3B39-1F41-352C-94E8-128A2E04D4B7</targetEntity>
<transferable>true</transferable>
<deleteRule>NO ACTION</deleteRule>
</Relation>