<?xml version = '1.0' encoding = 'UTF-8'?>
<Relation class="oracle.dbtools.crest.model.design.logical.Relation" name="Relation_6" directorySegmentName="seg_0" id="C1D8E8EC-EB18-6E10-537B-E32CF55E8294">
<createdBy>basti</createdBy>
<createdTime>2025-09-14 13:07:38 UTC</createdTime>
<ownerDesignName>TrabajoSumativo2</ownerDesignName>
<engineerTo>
<item key="AF620593-2723-C75D-EDD0-57AA2A47F231" value="true"/>
</engineerTo>
<sourcePk>E1DD08FD-AAFB-2481-AA6A-387671AEFDDA</sourcePk>
<identifying>false</identifying>
<optionalSource>true</optionalSource>
<optionalTarget>false</optionalTarget>
<sourceCardinality>1</sourceCardinality>
<sourceEntity>C988526B-AC8B-29F3-26F8-F4501B7EDCC0</sourceEntity>
<targetCardinalityString>*</targetCardinalityString>
<targetEntity>C3AFBD3A-B90E-9352-E5DD-49C1F67D9194</targetEntity>
<transferable>true</transferable>
<deleteRule>NO ACTION</deleteRule>
</Relation>