<?xml version = '1.0' encoding = 'UTF-8'?>
<Relation class="oracle.dbtools.crest.model.design.logical.Relation" name="Relation_9" directorySegmentName="seg_0" id="F027ADFA-B9C9-B418-CCD2-745CFBE84601">
<createdBy>basti</createdBy>
<createdTime>2025-09-14 13:08:55 UTC</createdTime>
<ownerDesignName>TrabajoSumativo2</ownerDesignName>
<engineerTo>
<item key="AF620593-2723-C75D-EDD0-57AA2A47F231" value="true"/>
</engineerTo>
<targetPk>8B264D6B-C9F8-66EF-7BB4-5BBCAEC60186</targetPk>
<identifying>false</identifying>
<optionalSource>true</optionalSource>
<optionalTarget>true</optionalTarget>
<sourceCardinality>1</sourceCardinality>
<sourceEntity>C3AFBD3A-B90E-9352-E5DD-49C1F67D9194</sourceEntity>
<targetCardinalityString>*</targetCardinalityString>
<targetEntity>C3AFBD3A-B90E-9352-E5DD-49C1F67D9194</targetEntity>
<transferable>true</transferable>
<deleteRule>NO ACTION</deleteRule>
</Relation>