<?xml version = '1.0' encoding = 'UTF-8'?>
<Relation class="oracle.dbtools.crest.model.design.logical.Relation" name="Relation_13" directorySegmentName="seg_0" id="FD034AD4-7174-97DE-8E7E-7AF1F2AC776E">
<createdBy>basti</createdBy>
<createdTime>2025-09-14 13:10:03 UTC</createdTime>
<ownerDesignName>TrabajoSumativo2</ownerDesignName>
<engineerTo>
<item key="AF620593-2723-C75D-EDD0-57AA2A47F231" value="true"/>
</engineerTo>
<sourcePk>8B264D6B-C9F8-66EF-7BB4-5BBCAEC60186</sourcePk>
<identifying>false</identifying>
<optionalSource>true</optionalSource>
<optionalTarget>false</optionalTarget>
<sourceCardinality>1</sourceCardinality>
<sourceEntity>C3AFBD3A-B90E-9352-E5DD-49C1F67D9194</sourceEntity>
<targetCardinalityString>*</targetCardinalityString>
<targetEntity>9DFF3B39-1F41-352C-94E8-128A2E04D4B7</targetEntity>
<transferable>true</transferable>
<deleteRule>NO ACTION</deleteRule>
</Relation>