<?xml version = '1.0' encoding = 'UTF-8'?>
<Diagram class="oracle.dbtools.crest.swingui.relational.DPVRelational" name="Relational_1" id="4E5C179D-6810-652C-F3DD-2EC622B585A8">
<createdBy>basti</createdBy>
<modifiedBy>basti</modifiedBy>
<createdTime>2025-09-14 06:26:45 UTC</createdTime>
<autoRoute>false</autoRoute>
<boxInbox>true</boxInbox>
<showLegend>false</showLegend>
<showLabels>false</showLabels>
<showRelAttributes>false</showRelAttributes>
<gridEnabled>false</gridEnabled>
<showGrid>false</showGrid>
<diagramColor>-1</diagramColor>
<display>false</display>
<notation>1</notation>
<objectViews>
<OView class="oracle.dbtools.crest.swingui.relational.TVTable" oid="08DA8D48-E08E-670D-81BA-1F63C0A8729C" otype="Table" vid="CBFBEE1B-1C2C-811F-0AFB-4BAC2C55C3EB">
<hideElementsInCurrentOnly>false</hideElementsInCurrentOnly>
<bounds x="535" y="69" width="435" height="246"/>
</OView>
<OView class="oracle.dbtools.crest.swingui.relational.TVTable" oid="2CFA3672-3EC0-DA6F-EAE1-C8FB244EF2A8" otype="Table" vid="43B26F0A-A88A-5912-EFE8-A8A314AC597B">
<hideElementsInCurrentOnly>false</hideElementsInCurrentOnly>
<bounds x="66" y="429" width="291" height="223"/>
</OView>
<OView class="oracle.dbtools.crest.swingui.relational.TVTable" oid="31160578-A806-9B92-9A40-4203B87921F7" otype="Table" vid="71BDBE11-5C60-27B0-F0EF-9F8CF0CF59A7">
<hideElementsInCurrentOnly>false</hideElementsInCurrentOnly>
<bounds x="108" y="53" width="233" height="102"/>
</OView>
<OView class="oracle.dbtools.crest.swingui.relational.TVTable" oid="54F27E90-04B0-7305-5D85-77DB7CA68CAD" otype="Table" vid="BFD482A0-2BAC-5158-83FC-3B663B9796E5">
<hideElementsInCurrentOnly>false</hideElementsInCurrentOnly>
<bounds x="990" y="777" width="277" height="110"/>
</OView>
<OView class="oracle.dbtools.crest.swingui.relational.TVTable" oid="56FDB82C-8A75-CA92-D378-C5A1D32A13EE" otype="Table" vid="ECF51D42-964C-8FA2-3CE2-30CB05E25C22">
<hideElementsInCurrentOnly>false</hideElementsInCurrentOnly>
<bounds x="343" y="754" width="445" height="171"/>
</OView>
<OView class="oracle.dbtools.crest.swingui.relational.TVTable" oid="789EA4FB-2039-8DFE-F30D-B70FC8799897" otype="Table" vid="893C92CC-AEEA-B055-3D0D-DAF189EEB247">
<hideElementsInCurrentOnly>false</hideElementsInCurrentOnly>
<bounds x="1384" y="544" width="251" height="101"/>
</OView>
<OView class="oracle.dbtools.crest.swingui.relational.TVTable" oid="9C357D38-DD51-67B8-D28A-82980D8ACA97" otype="Table" vid="9E5641C9-378E-FD03-6B5D-CD39C5A24042">
<hideElementsInCurrentOnly>false</hideElementsInCurrentOnly>
<bounds x="1180" y="94" width="258" height="136"/>
</OView>
<OView class="oracle.dbtools.crest.swingui.relational.TVTable" oid="A7930507-1E37-D22D-D7C0-3181769AAE93" otype="Table" vid="F2E9D62E-DB25-C03B-4AB5-73671D8FA519">
<hideElementsInCurrentOnly>false</hideElementsInCurrentOnly>
<bounds x="444" y="433" width="386" height="252"/>
</OView>
<OView class="oracle.dbtools.crest.swingui.relational.TVTable" oid="AF3E9BF0-41B9-98A4-5211-C67319300D1F" otype="Table" vid="F931E814-CEB5-2FC0-4F21-55867853583D">
<hideElementsInCurrentOnly>false</hideElementsInCurrentOnly>
<bounds x="916" y="425" width="395" height="260"/>
</OView>
<OView class="oracle.dbtools.crest.swingui.relational.TVTable" oid="D6BC7788-39A0-0E6F-22D0-409AB2FD5CF3" otype="Table" vid="6251B3D1-094A-2D3A-1238-A2087AD76FB4">
<hideElementsInCurrentOnly>false</hideElementsInCurrentOnly>
<bounds x="1377" y="399" width="247" height="120"/>
</OView>
<OView class="oracle.dbtools.crest.swingui.relational.TVTable" oid="FFF9B5E2-204E-2B63-055D-4B07B11BCDFF" otype="Table" vid="2382B33E-80E8-C19A-A9D0-855533172D80">
<hideElementsInCurrentOnly>false</hideElementsInCurrentOnly>
<bounds x="101" y="231" width="277" height="128"/>
</OView>
</objectViews>
<connectors>
<Connector class="oracle.dbtools.crest.swingui.relational.TVFKRelation" oid="13B3F589-3BAD-3924-E0B1-2EC7D06AA303" otype="FKIndexAssociation" vid_source="43B26F0A-A88A-5912-EFE8-A8A314AC597B" vid_target="F2E9D62E-DB25-C03B-4AB5-73671D8FA519">
<hideElementsInCurrentOnly>false</hideElementsInCurrentOnly>
<backgroundColor>-16777216</backgroundColor>
<lineWidth>1</lineWidth>
<points>
<point x="357" y="542"/>
<point x="444" y="542"/>
</points>
</Connector>
<Connector class="oracle.dbtools.crest.swingui.relational.TVFKRelation" oid="1E8BD075-079B-CD79-B221-EC835DBC960B" otype="FKIndexAssociation" vid_source="F931E814-CEB5-2FC0-4F21-55867853583D" vid_target="CBFBEE1B-1C2C-811F-0AFB-4BAC2C55C3EB">
<hideElementsInCurrentOnly>false</hideElementsInCurrentOnly>
<backgroundColor>-16777216</backgroundColor>
<lineWidth>1</lineWidth>
<points>
<point x="943" y="425"/>
<point x="943" y="315"/>
</points>
</Connector>
<Connector class="oracle.dbtools.crest.swingui.relational.TVFKRelation" oid="29F8E7A1-B4D6-8B53-6925-892738C9AAFC" otype="FKIndexAssociation" vid_source="ECF51D42-964C-8FA2-3CE2-30CB05E25C22" vid_target="F2E9D62E-DB25-C03B-4AB5-73671D8FA519">
<hideElementsInCurrentOnly>false</hideElementsInCurrentOnly>
<backgroundColor>-16777216</backgroundColor>
<lineWidth>1</lineWidth>
<points>
<point x="631" y="754"/>
<point x="631" y="685"/>
</points>
</Connector>
<Connector class="oracle.dbtools.crest.swingui.relational.TVFKRelation" oid="745CEFFE-8EB7-A993-740C-9EE6E81799F2" otype="FKIndexAssociation" vid_source="9E5641C9-378E-FD03-6B5D-CD39C5A24042" vid_target="CBFBEE1B-1C2C-811F-0AFB-4BAC2C55C3EB">
<hideElementsInCurrentOnly>false</hideElementsInCurrentOnly>
<backgroundColor>-16777216</backgroundColor>
<lineWidth>1</lineWidth>
<points>
<point x="1180" y="162"/>
<point x="970" y="162"/>
</points>
</Connector>
<Connector class="oracle.dbtools.crest.swingui.relational.TVFKRelation" oid="81C385FC-92F8-8F29-FE1D-52C2C6CE9380" otype="FKIndexAssociation" vid_source="BFD482A0-2BAC-5158-83FC-3B663B9796E5" vid_target="F931E814-CEB5-2FC0-4F21-55867853583D">
<hideElementsInCurrentOnly>false</hideElementsInCurrentOnly>
<backgroundColor>-16777216</backgroundColor>
<lineWidth>1</lineWidth>
<points>
<point x="1128" y="777"/>
<point x="1128" y="685"/>
</points>
</Connector>
<Connector class="oracle.dbtools.crest.swingui.relational.TVFKRelation" oid="9ECE8D49-1371-123E-67C5-6178C9399D46" otype="FKIndexAssociation" vid_source="F2E9D62E-DB25-C03B-4AB5-73671D8FA519" vid_target="ECF51D42-964C-8FA2-3CE2-30CB05E25C22">
<hideElementsInCurrentOnly>false</hideElementsInCurrentOnly>
<backgroundColor>-16777216</backgroundColor>
<lineWidth>1</lineWidth>
<points>
<point x="616" y="685"/>
<point x="616" y="754"/>
</points>
</Connector>
<Connector class="oracle.dbtools.crest.swingui.relational.TVFKRelation" oid="A14A2D3D-718C-368E-6390-79242BF15140" otype="FKIndexAssociation" vid_source="71BDBE11-5C60-27B0-F0EF-9F8CF0CF59A7" vid_target="2382B33E-80E8-C19A-A9D0-855533172D80">
<hideElementsInCurrentOnly>false</hideElementsInCurrentOnly>
<backgroundColor>-16777216</backgroundColor>
<lineWidth>1</lineWidth>
<points>
<point x="224" y="155"/>
<point x="224" y="231"/>
</points>
</Connector>
<Connector class="oracle.dbtools.crest.swingui.relational.TVFKRelation" oid="A6B4ABA0-EED9-2E7B-01E2-63D846037DC5" otype="FKIndexAssociation" vid_source="F931E814-CEB5-2FC0-4F21-55867853583D" vid_target="F931E814-CEB5-2FC0-4F21-55867853583D">
<hideElementsInCurrentOnly>false</hideElementsInCurrentOnly>
<backgroundColor>-16777216</backgroundColor>
<lineWidth>1</lineWidth>
<points>
<point x="1192" y="509"/>
<point x="1192" y="537"/>
<point x="1195" y="643"/>
<point x="1068" y="643"/>
<point x="1068" y="685"/>
</points>
</Connector>
<Connector class="oracle.dbtools.crest.swingui.relational.TVFKRelation" oid="B0DC0C4D-A71D-1CC1-C79C-C337BDAB60E2" otype="FKIndexAssociation" vid_source="F931E814-CEB5-2FC0-4F21-55867853583D" vid_target="F2E9D62E-DB25-C03B-4AB5-73671D8FA519">
<hideElementsInCurrentOnly>false</hideElementsInCurrentOnly>
<backgroundColor>-16777216</backgroundColor>
<lineWidth>1</lineWidth>
<points>
<point x="916" y="559"/>
<point x="830" y="559"/>
</points>
</Connector>
<Connector class="oracle.dbtools.crest.swingui.relational.TVFKRelation" oid="B6403B40-CEB7-721D-E1D1-2FC79F0BA5A6" otype="FKIndexAssociation" vid_source="893C92CC-AEEA-B055-3D0D-DAF189EEB247" vid_target="F931E814-CEB5-2FC0-4F21-55867853583D">
<hideElementsInCurrentOnly>false</hideElementsInCurrentOnly>
<backgroundColor>-16777216</backgroundColor>
<lineWidth>1</lineWidth>
<points>
<point x="1384" y="594"/>
<point x="1311" y="594"/>
</points>
</Connector>
<Connector class="oracle.dbtools.crest.swingui.relational.TVFKRelation" oid="BE65649A-D218-D91B-2017-E6681BE9D7C8" otype="FKIndexAssociation" vid_source="2382B33E-80E8-C19A-A9D0-855533172D80" vid_target="43B26F0A-A88A-5912-EFE8-A8A314AC597B">
<hideElementsInCurrentOnly>false</hideElementsInCurrentOnly>
<backgroundColor>-16777216</backgroundColor>
<lineWidth>1</lineWidth>
<points>
<point x="229" y="359"/>
<point x="229" y="429"/>
</points>
</Connector>
<Connector class="oracle.dbtools.crest.swingui.relational.TVFKRelation" oid="CAAC061E-9CC5-7670-3870-D3AFAB922A89" otype="FKIndexAssociation" vid_source="6251B3D1-094A-2D3A-1238-A2087AD76FB4" vid_target="F931E814-CEB5-2FC0-4F21-55867853583D">
<hideElementsInCurrentOnly>false</hideElementsInCurrentOnly>
<backgroundColor>-16777216</backgroundColor>
<lineWidth>1</lineWidth>
<points>
<point x="1377" y="472"/>
<point x="1311" y="472"/>
</points>
</Connector>
<Connector class="oracle.dbtools.crest.swingui.relational.TVFKRelation" oid="D894162D-AE4F-7BF1-FFB3-1CA25434D152" otype="FKIndexAssociation" vid_source="43B26F0A-A88A-5912-EFE8-A8A314AC597B" vid_target="CBFBEE1B-1C2C-811F-0AFB-4BAC2C55C3EB">
<hideElementsInCurrentOnly>false</hideElementsInCurrentOnly>
<backgroundColor>-16777216</backgroundColor>
<lineWidth>1</lineWidth>
<points>
<point x="357" y="446"/>
<point x="561" y="315"/>
</points>
</Connector>
<Connector class="oracle.dbtools.crest.swingui.relational.TVFKRelation" oid="EF3D63A1-F725-D8AE-B687-D3A81B270437" otype="FKIndexAssociation" vid_source="F2E9D62E-DB25-C03B-4AB5-73671D8FA519" vid_target="CBFBEE1B-1C2C-811F-0AFB-4BAC2C55C3EB">
<hideElementsInCurrentOnly>false</hideElementsInCurrentOnly>
<backgroundColor>-16777216</backgroundColor>
<lineWidth>1</lineWidth>
<points>
<point x="682" y="433"/>
<point x="682" y="315"/>
</points>
</Connector>
</connectors>
</Diagram>