<?xml version = '1.0' encoding = 'UTF-8'?>
<relationalModel class="oracle.dbtools.crest.model.design.relational.RelationalDesign" name="Relational_1" id="AF620593-2723-C75D-EDD0-57AA2A47F231" mainViewID="4E5C179D-6810-652C-F3DD-2EC622B585A8">
<createdBy>basti</createdBy>
<createdTime>2025-09-14 05:38:39 UTC</createdTime>
<ownerDesignName>TrabajoSumativo2</ownerDesignName>
<shouldBeOpen>false</shouldBeOpen>
<selectedRDBMSSite>32076570-2523-435C-2E92-BF29817DFF70</selectedRDBMSSite>
</relationalModel>