<?xml version = '1.0' encoding = 'UTF-8'?>
<FKIndexAssociation class="oracle.dbtools.crest.model.design.relational.FKIndexAssociation" directorySegmentName="seg_0" id="13B3F589-3BAD-3924-E0B1-2EC7D06AA303" containerWithKeyObject="A7930507-1E37-D22D-D7C0-3181769AAE93" localFKIndex="210489FD-4B1E-EBFB-1024-AFF7E2864DCB" name="ATENCION_MEDICA_PACIENTE_FK">
<createdBy>basti</createdBy>
<createdTime>2025-09-14 13:39:41 UTC</createdTime>
<generatorID>58FBD17D-EA02-53E0-0AF2-3F5C616DE407</generatorID>
<ownerDesignName>TrabajoSumativo2</ownerDesignName>
<referredTableLongName>PACIENTE</referredTableLongName>
<deleteRule>NO ACTION</deleteRule>
<referredTableID>2CFA3672-3EC0-DA6F-EAE1-C8FB244EF2A8</referredTableID>
<keyObject>40C2D819-E4E7-905A-8FA8-2B856D703601</keyObject>
<referredKeyID>40C2D819-E4E7-905A-8FA8-2B856D703601</referredKeyID>
<mandatory>true</mandatory>
<refColNames>id_paciente</refColNames>
<transferable>true</transferable>
<rely>false</rely>
<columnDependencyConstraintGenerateInDDL>true</columnDependencyConstraintGenerateInDDL>
</FKIndexAssociation>