<?xml version = '1.0' encoding = 'UTF-8'?>
<FKIndexAssociation class="oracle.dbtools.crest.model.design.relational.FKIndexAssociation" directorySegmentName="seg_0" id="1E8BD075-079B-CD79-B221-EC835DBC960B" containerWithKeyObject="08DA8D48-E08E-670D-81BA-1F63C0A8729C" localFKIndex="F3C30C60-4A09-5C1C-4105-B30E164E1091" name="SOLICITUD_EXAMEN_MEDICO_FK">
<createdBy>basti</createdBy>
<createdTime>2025-09-14 13:39:41 UTC</createdTime>
<generatorID>FD034AD4-7174-97DE-8E7E-7AF1F2AC776E</generatorID>
<ownerDesignName>TrabajoSumativo2</ownerDesignName>
<referredTableLongName>MEDICO</referredTableLongName>
<deleteRule>NO ACTION</deleteRule>
<referredTableID>AF3E9BF0-41B9-98A4-5211-C67319300D1F</referredTableID>
<keyObject>09132653-9FFE-D878-5D42-B83FCD8805BB</keyObject>
<referredKeyID>09132653-9FFE-D878-5D42-B83FCD8805BB</referredKeyID>
<mandatory>true</mandatory>
<refColNames>id_medico</refColNames>
<transferable>true</transferable>
<rely>false</rely>
<columnDependencyConstraintGenerateInDDL>true</columnDependencyConstraintGenerateInDDL>
</FKIndexAssociation>