<?xml version = '1.0' encoding = 'UTF-8'?>
<FKIndexAssociation class="oracle.dbtools.crest.model.design.relational.FKIndexAssociation" directorySegmentName="seg_0" id="29F8E7A1-B4D6-8B53-6925-892738C9AAFC" containerWithKeyObject="A7930507-1E37-D22D-D7C0-3181769AAE93" localFKIndex="6D53B84A-0F97-DB4C-7D69-0BEEE10E5AD4" name="ATENCION_MEDICA_PAGO_ATENCION_FK">
<createdBy>basti</createdBy>
<createdTime>2025-09-14 13:39:41 UTC</createdTime>
<generatorID>A6A22C09-3DBB-5327-E808-2D3C3070A84F</generatorID>
<ownerDesignName>TrabajoSumativo2</ownerDesignName>
<referredTableLongName>PAGO_ATENCION</referredTableLongName>
<deleteRule>NO ACTION</deleteRule>
<referredTableID>56FDB82C-8A75-CA92-D378-C5A1D32A13EE</referredTableID>
<keyObject>B0F1363A-22D8-26C2-4052-6E1E0A24D2C1</keyObject>
<referredKeyID>B0F1363A-22D8-26C2-4052-6E1E0A24D2C1</referredKeyID>
<mandatory>true</mandatory>
<refColNames>id_pago</refColNames>
<transferable>true</transferable>
<rely>false</rely>
<columnDependencyConstraintGenerateInDDL>true</columnDependencyConstraintGenerateInDDL>
</FKIndexAssociation>