<?xml version = '1.0' encoding = 'UTF-8'?>
<FKIndexAssociation class="oracle.dbtools.crest.model.design.relational.FKIndexAssociation" directorySegmentName="seg_0" id="745CEFFE-8EB7-A993-740C-9EE6E81799F2" containerWithKeyObject="08DA8D48-E08E-670D-81BA-1F63C0A8729C" localFKIndex="4E0FDF20-814F-2F57-4371-742F4BC0D38B" name="SOLICITUD_EXAMEN_EXAMEN_FK">
<createdBy>basti</createdBy>
<createdTime>2025-09-14 13:39:41 UTC</createdTime>
<generatorID>93CEFDCB-3FE1-8BB6-242D-EA29680CEA54</generatorID>
<ownerDesignName>TrabajoSumativo2</ownerDesignName>
<referredTableLongName>EXAMEN</referredTableLongName>
<deleteRule>NO ACTION</deleteRule>
<referredTableID>9C357D38-DD51-67B8-D28A-82980D8ACA97</referredTableID>
<keyObject>A1444F56-0E4B-4B37-F02D-A60DB4650E61</keyObject>
<referredKeyID>A1444F56-0E4B-4B37-F02D-A60DB4650E61</referredKeyID>
<mandatory>true</mandatory>
<refColNames>id_examen</refColNames>
<transferable>true</transferable>
<rely>false</rely>
<columnDependencyConstraintGenerateInDDL>true</columnDependencyConstraintGenerateInDDL>
</FKIndexAssociation>