<?xml version = '1.0' encoding = 'UTF-8'?>
<FKIndexAssociation class="oracle.dbtools.crest.model.design.relational.FKIndexAssociation" directorySegmentName="seg_0" id="81C385FC-92F8-8F29-FE1D-52C2C6CE9380" containerWithKeyObject="AF3E9BF0-41B9-98A4-5211-C67319300D1F" localFKIndex="0D40C722-6986-50CA-529C-37A0D846A89F" name="MEDICO_ESPECIALIDAD_FK">
<createdBy>basti</createdBy>
<createdTime>2025-09-14 13:39:41 UTC</createdTime>
<generatorID>C1D8E8EC-EB18-6E10-537B-E32CF55E8294</generatorID>
<ownerDesignName>TrabajoSumativo2</ownerDesignName>
<referredTableLongName>ESPECIALIDAD</referredTableLongName>
<deleteRule>NO ACTION</deleteRule>
<referredTableID>54F27E90-04B0-7305-5D85-77DB7CA68CAD</referredTableID>
<keyObject>E3C41F5A-EF6C-D742-FDD4-1E058A6B0D90</keyObject>
<referredKeyID>E3C41F5A-EF6C-D742-FDD4-1E058A6B0D90</referredKeyID>
<mandatory>true</mandatory>
<refColNames>id_especialidad</refColNames>
<transferable>true</transferable>
<rely>false</rely>
<columnDependencyConstraintGenerateInDDL>true</columnDependencyConstraintGenerateInDDL>
</FKIndexAssociation>