<?xml version = '1.0' encoding = 'UTF-8'?>
<FKIndexAssociation class="oracle.dbtools.crest.model.design.relational.FKIndexAssociation" directorySegmentName="seg_0" id="9ECE8D49-1371-123E-67C5-6178C9399D46" containerWithKeyObject="56FDB82C-8A75-CA92-D378-C5A1D32A13EE" localFKIndex="38006BF6-A8E2-31F3-7778-A7900803DE99" name="PAGO_ATENCION_ATENCION_MEDICA_FK">
<createdBy>basti</createdBy>
<createdTime>2025-09-14 13:39:41 UTC</createdTime>
<generatorID>A6A22C09-3DBB-5327-E808-2D3C3070A84F</generatorID>
<ownerDesignName>TrabajoSumativo2</ownerDesignName>
<referredTableLongName>ATENCION_MEDICA</referredTableLongName>
<deleteRule>NO ACTION</deleteRule>
<referredTableID>A7930507-1E37-D22D-D7C0-3181769AAE93</referredTableID>
<keyObject>7ED5EC19-2310-AF59-91C6-A58BDE06AC70</keyObject>
<referredKeyID>7ED5EC19-2310-AF59-91C6-A58BDE06AC70</referredKeyID>
<mandatory>true</mandatory>
<refColNames>id_atencion</refColNames>
<transferable>true</transferable>
<rely>false</rely>
<columnDependencyConstraintGenerateInDDL>true</columnDependencyConstraintGenerateInDDL>
</FKIndexAssociation>