<?xml version = '1.0' encoding = 'UTF-8'?>
<FKIndexAssociation class="oracle.dbtools.crest.model.design.relational.FKIndexAssociation" directorySegmentName="seg_0" id="A14A2D3D-718C-368E-6390-79242BF15140" containerWithKeyObject="FFF9B5E2-204E-2B63-055D-4B07B11BCDFF" localFKIndex="68D79EE1-F1C0-7ED5-B4D3-52A6518529B0" name="COMUNA_REGION_FK">
<createdBy>basti</createdBy>
<createdTime>2025-09-14 13:39:41 UTC</createdTime>
<generatorID>41C9573B-39BA-7ED0-960C-C647CABCD256</generatorID>
<ownerDesignName>TrabajoSumativo2</ownerDesignName>
<referredTableLongName>REGION</referredTableLongName>
<deleteRule>NO ACTION</deleteRule>
<referredTableID>31160578-A806-9B92-9A40-4203B87921F7</referredTableID>
<keyObject>0398A649-1A84-61BE-83AA-4F29741CBF86</keyObject>
<referredKeyID>0398A649-1A84-61BE-83AA-4F29741CBF86</referredKeyID>
<mandatory>true</mandatory>
<refColNames>id_region</refColNames>
<transferable>true</transferable>
<rely>false</rely>
<columnDependencyConstraintGenerateInDDL>true</columnDependencyConstraintGenerateInDDL>
</FKIndexAssociation>