<?xml version = '1.0' encoding = 'UTF-8'?>
<FKIndexAssociation class="oracle.dbtools.crest.model.design.relational.FKIndexAssociation" directorySegmentName="seg_0" id="A6B4ABA0-EED9-2E7B-01E2-63D846037DC5" containerWithKeyObject="AF3E9BF0-41B9-98A4-5211-C67319300D1F" localFKIndex="FF8462CC-F8C7-7398-8C55-097FC7457070" name="MEDICO_MEDICO_FK">
<createdBy>basti</createdBy>
<createdTime>2025-09-14 13:39:41 UTC</createdTime>
<generatorID>F027ADFA-B9C9-B418-CCD2-745CFBE84601</generatorID>
<ownerDesignName>TrabajoSumativo2</ownerDesignName>
<referredTableLongName>MEDICO</referredTableLongName>
<deleteRule>NO ACTION</deleteRule>
<referredTableID>AF3E9BF0-41B9-98A4-5211-C67319300D1F</referredTableID>
<keyObject>09132653-9FFE-D878-5D42-B83FCD8805BB</keyObject>
<referredKeyID>09132653-9FFE-D878-5D42-B83FCD8805BB</referredKeyID>
<mandatory>false</mandatory>
<refColNames>id_medico</refColNames>
<transferable>true</transferable>
<rely>false</rely>
<columnDependencyConstraintGenerateInDDL>true</columnDependencyConstraintGenerateInDDL>
</FKIndexAssociation>