<?xml version = '1.0' encoding = 'UTF-8'?>
<FKIndexAssociation class="oracle.dbtools.crest.model.design.relational.FKIndexAssociation" directorySegmentName="seg_0" id="B0DC0C4D-A71D-1CC1-C79C-C337BDAB60E2" containerWithKeyObject="A7930507-1E37-D22D-D7C0-3181769AAE93" localFKIndex="371FF726-9E7F-872D-C34B-90697730E37B" name="ATENCION_MEDICA_MEDICO_FK">
<createdBy>basti</createdBy>
<createdTime>2025-09-14 13:39:41 UTC</createdTime>
<generatorID>95C4212B-0D1A-F0DD-934C-6227A353FA80</generatorID>
<ownerDesignName>TrabajoSumativo2</ownerDesignName>
<referredTableLongName>MEDICO</referredTableLongName>
<deleteRule>NO ACTION</deleteRule>
<referredTableID>AF3E9BF0-41B9-98A4-5211-C67319300D1F</referredTableID>
<keyObject>09132653-9FFE-D878-5D42-B83FCD8805BB</keyObject>
<referredKeyID>09132653-9FFE-D878-5D42-B83FCD8805BB</referredKeyID>
<mandatory>true</mandatory>
<refColNames>id_medico</refColNames>
<transferable>true</transferable>
<rely>false</rely>
<columnDependencyConstraintGenerateInDDL>true</columnDependencyConstraintGenerateInDDL>
</FKIndexAssociation>