<?xml version = '1.0' encoding = 'UTF-8'?>
<FKIndexAssociation class="oracle.dbtools.crest.model.design.relational.FKIndexAssociation" directorySegmentName="seg_0" id="B6403B40-CEB7-721D-E1D1-2FC79F0BA5A6" containerWithKeyObject="AF3E9BF0-41B9-98A4-5211-C67319300D1F" localFKIndex="D300EB95-C7B9-3B60-C6A5-5F6E6C4B286A" name="MEDICO_INSTITUCION_SALUD_FK">
<createdBy>basti</createdBy>
<createdTime>2025-09-14 13:39:41 UTC</createdTime>
<generatorID>456F9AA1-EBFC-4C0C-CD90-7CF24ECAF950</generatorID>
<ownerDesignName>TrabajoSumativo2</ownerDesignName>
<referredTableLongName>INSTITUCION_SALUD</referredTableLongName>
<deleteRule>NO ACTION</deleteRule>
<referredTableID>789EA4FB-2039-8DFE-F30D-B70FC8799897</referredTableID>
<keyObject>7557DD91-562F-596E-A111-BD68F1AC68AB</keyObject>
<referredKeyID>7557DD91-562F-596E-A111-BD68F1AC68AB</referredKeyID>
<mandatory>true</mandatory>
<refColNames>id_institucion</refColNames>
<transferable>true</transferable>
<rely>false</rely>
<columnDependencyConstraintGenerateInDDL>true</columnDependencyConstraintGenerateInDDL>
</FKIndexAssociation>