<?xml version = '1.0' encoding = 'UTF-8'?>
<FKIndexAssociation class="oracle.dbtools.crest.model.design.relational.FKIndexAssociation" directorySegmentName="seg_0" id="BE65649A-D218-D91B-2017-E6681BE9D7C8" containerWithKeyObject="2CFA3672-3EC0-DA6F-EAE1-C8FB244EF2A8" localFKIndex="23B29CA0-ECE7-788E-03F0-DC94F179ED74" name="PACIENTE_COMUNA_FK">
<createdBy>basti</createdBy>
<createdTime>2025-09-14 13:39:41 UTC</createdTime>
<generatorID>1C6D194A-59F5-7F92-17F9-C1B6A0BF2B4D</generatorID>
<ownerDesignName>TrabajoSumativo2</ownerDesignName>
<referredTableLongName>COMUNA</referredTableLongName>
<deleteRule>NO ACTION</deleteRule>
<referredTableID>FFF9B5E2-204E-2B63-055D-4B07B11BCDFF</referredTableID>
<keyObject>9C1A8F02-1C11-0FAB-E9AF-32694FACBF9C</keyObject>
<referredKeyID>9C1A8F02-1C11-0FAB-E9AF-32694FACBF9C</referredKeyID>
<mandatory>true</mandatory>
<refColNames>id_comuna</refColNames>
<transferable>true</transferable>
<rely>false</rely>
<columnDependencyConstraintGenerateInDDL>true</columnDependencyConstraintGenerateInDDL>
</FKIndexAssociation>