<?xml version = '1.0' encoding = 'UTF-8'?>
<FKIndexAssociation class="oracle.dbtools.crest.model.design.relational.FKIndexAssociation" directorySegmentName="seg_0" id="CAAC061E-9CC5-7670-3870-D3AFAB922A89" containerWithKeyObject="AF3E9BF0-41B9-98A4-5211-C67319300D1F" localFKIndex="B4C1D150-F626-6569-DB10-9E2E8CF2B73D" name="MEDICO_AFP_FK">
<createdBy>basti</createdBy>
<createdTime>2025-09-14 13:39:41 UTC</createdTime>
<generatorID>828D0709-0A07-9CF3-85E6-2F7CB06E063F</generatorID>
<ownerDesignName>TrabajoSumativo2</ownerDesignName>
<referredTableLongName>AFP</referredTableLongName>
<deleteRule>NO ACTION</deleteRule>
<referredTableID>D6BC7788-39A0-0E6F-22D0-409AB2FD5CF3</referredTableID>
<keyObject>9D5342EF-3736-0994-49AF-F0E49B3ACA0F</keyObject>
<referredKeyID>9D5342EF-3736-0994-49AF-F0E49B3ACA0F</referredKeyID>
<mandatory>true</mandatory>
<refColNames>id_afp</refColNames>
<transferable>true</transferable>
<rely>false</rely>
<columnDependencyConstraintGenerateInDDL>true</columnDependencyConstraintGenerateInDDL>
</FKIndexAssociation>