<?xml version = '1.0' encoding = 'UTF-8'?>
<FKIndexAssociation class="oracle.dbtools.crest.model.design.relational.FKIndexAssociation" directorySegmentName="seg_0" id="D894162D-AE4F-7BF1-FFB3-1CA25434D152" containerWithKeyObject="08DA8D48-E08E-670D-81BA-1F63C0A8729C" localFKIndex="1965407A-2588-4920-A852-031580C45F2C" name="SOLICITUD_EXAMEN_PACIENTE_FK">
<createdBy>basti</createdBy>
<createdTime>2025-09-14 13:39:41 UTC</createdTime>
<generatorID>B6922C88-ADD3-D39A-B31A-33AA4430E57F</generatorID>
<ownerDesignName>TrabajoSumativo2</ownerDesignName>
<referredTableLongName>PACIENTE</referredTableLongName>
<deleteRule>NO ACTION</deleteRule>
<referredTableID>2CFA3672-3EC0-DA6F-EAE1-C8FB244EF2A8</referredTableID>
<keyObject>40C2D819-E4E7-905A-8FA8-2B856D703601</keyObject>
<referredKeyID>40C2D819-E4E7-905A-8FA8-2B856D703601</referredKeyID>
<mandatory>true</mandatory>
<refColNames>id_paciente</refColNames>
<transferable>true</transferable>
<rely>false</rely>
<columnDependencyConstraintGenerateInDDL>true</columnDependencyConstraintGenerateInDDL>
</FKIndexAssociation>