<?xml version = '1.0' encoding = 'UTF-8'?>
<FKIndexAssociation class="oracle.dbtools.crest.model.design.relational.FKIndexAssociation" directorySegmentName="seg_0" id="EF3D63A1-F725-D8AE-B687-D3A81B270437" containerWithKeyObject="08DA8D48-E08E-670D-81BA-1F63C0A8729C" localFKIndex="413F5C4C-3FDB-9566-3B81-275A39832D23" name="SOLICITUD_EXAMEN_ATENCION_MEDICA_FK">
<createdBy>basti</createdBy>
<createdTime>2025-09-14 13:39:41 UTC</createdTime>
<generatorID>05CA1F5A-7637-D2D5-194A-572EE8BB6375</generatorID>
<ownerDesignName>TrabajoSumativo2</ownerDesignName>
<referredTableLongName>ATENCION_MEDICA</referredTableLongName>
<deleteRule>NO ACTION</deleteRule>
<referredTableID>A7930507-1E37-D22D-D7C0-3181769AAE93</referredTableID>
<keyObject>7ED5EC19-2310-AF59-91C6-A58BDE06AC70</keyObject>
<referredKeyID>7ED5EC19-2310-AF59-91C6-A58BDE06AC70</referredKeyID>
<mandatory>true</mandatory>
<refColNames>id_atencion</refColNames>
<transferable>true</transferable>
<rely>false</rely>
<columnDependencyConstraintGenerateInDDL>true</columnDependencyConstraintGenerateInDDL>
</FKIndexAssociation>